time,mbps
2024-07-07 08:00:36,0.0716
2024-07-07 08:00:37,0.199216
2024-07-07 08:00:38,0.070392
2024-07-07 08:00:39,0.184696
2024-07-07 08:00:43,8.968624
2024-07-07 08:00:44,31.742264
2024-07-07 08:00:45,13.719632
2024-07-07 08:00:51,0.54712
2024-07-07 08:00:52,16.033984
2024-07-07 08:00:53,40.341136
2024-07-07 08:00:54,43.362264
2024-07-07 08:00:55,34.7154
2024-07-07 08:00:56,40.49228
2024-07-07 08:00:57,44.522808
2024-07-07 08:00:58,49.408936
2024-07-07 08:00:59,52.219552
2024-07-07 08:01:00,58.902304
2024-07-07 08:01:01,53.103616
2024-07-07 08:01:02,54.5862
2024-07-07 08:01:03,43.908216
2024-07-07 08:01:04,62.336216
2024-07-07 08:01:05,63.117456
2024-07-07 08:01:06,43.083704
2024-07-07 08:01:07,59.728888
2024-07-07 08:01:08,48.136648
2024-07-07 08:01:09,65.836968
2024-07-07 08:01:10,80.065576
2024-07-07 08:01:11,62.901552
2024-07-07 08:01:12,69.765608
2024-07-07 08:01:13,58.782536
2024-07-07 08:01:14,27.653456
2024-07-07 08:01:15,61.274544
2024-07-07 08:01:16,42.534352
2024-07-07 08:01:17,7.066232
2024-07-07 08:01:44,0.001152
2024-07-07 08:01:45,0.001472
2024-07-07 08:01:52,0.043728
2024-07-07 08:02:01,0.007976
2024-07-07 08:02:02,38.812504
2024-07-07 08:02:03,45.85608
2024-07-07 08:02:04,73.154216
2024-07-07 08:02:05,57.477712
2024-07-07 08:02:06,11.871984
2024-07-07 08:02:51,41.702368
2024-07-07 08:02:52,27.509568
2024-07-07 08:02:53,52.587128
2024-07-07 08:02:54,47.929112
2024-07-07 08:02:55,51.10612
2024-07-07 08:02:56,16.598032
2024-07-07 08:02:58,0.00972
2024-07-07 08:02:59,0.054288
2024-07-07 08:03:00,0.251968
2024-07-07 08:03:41,32.768856
2024-07-07 08:03:42,39.253904
2024-07-07 08:03:43,54.210688
2024-07-07 08:03:44,63.41948
2024-07-07 08:03:45,74.421736
2024-07-07 08:03:46,61.774168
2024-07-07 08:03:47,57.556928
2024-07-07 08:03:52,0.04008
2024-07-07 08:04:32,4.995784
2024-07-07 08:04:33,12.21872
2024-07-07 08:04:46,0.001472
2024-07-07 08:04:52,0.040328
2024-07-07 08:05:05,11.033656
2024-07-07 08:05:06,44.319784
2024-07-07 08:05:07,36.274128
2024-07-07 08:05:08,61.665528
2024-07-07 08:05:09,57.339472
2024-07-07 08:05:10,72.312808
2024-07-07 08:05:11,52.557496
2024-07-07 08:05:12,67.79856
2024-07-07 08:05:13,42.743584
2024-07-07 08:05:14,31.318128
2024-07-07 08:05:52,0.03932
2024-07-07 08:05:59,37.368448
2024-07-07 08:06:00,55.036936
2024-07-07 08:06:01,73.433552
2024-07-07 08:06:02,70.674232
2024-07-07 08:06:03,73.498128
2024-07-07 08:06:04,61.351832
2024-07-07 08:06:05,43.337168
2024-07-07 08:06:50,20.403368
2024-07-07 08:06:51,41.429656
2024-07-07 08:06:52,39.376848
2024-07-07 08:06:53,22.065384
2024-07-07 08:07:46,18.226352
2024-07-07 08:07:47,71.946736
2024-07-07 08:07:48,63.5876
2024-07-07 08:07:49,53.272816
2024-07-07 08:07:50,61.929376
2024-07-07 08:07:51,37.378152
2024-07-07 08:07:52,35.543056
2024-07-07 08:07:53,55.95808
2024-07-07 08:07:54,63.428528
2024-07-07 08:07:55,66.197224
2024-07-07 08:07:56,66.60204
2024-07-07 08:07:57,9.98812
2024-07-07 08:08:52,0.040064
2024-07-07 08:08:54,0.001472
2024-07-07 08:08:56,0.001152
2024-07-07 08:09:06,12.462904
2024-07-07 08:09:07,63.921208
2024-07-07 08:09:08,42.641312
2024-07-07 08:09:09,45.32116
2024-07-07 08:09:10,45.21104
2024-07-07 08:09:52,0.040744
2024-07-07 08:09:55,11.253832
2024-07-07 08:09:56,45.52576
2024-07-07 08:09:57,60.478512
2024-07-07 08:09:58,49.947352
2024-07-07 08:09:59,47.404872
2024-07-07 08:10:00,46.504736
2024-07-07 08:10:45,7.103144
2024-07-07 08:10:46,51.807488
2024-07-07 08:10:47,33.292368
2024-07-07 08:10:52,0.040328
2024-07-07 08:11:31,0.0064
2024-07-07 08:11:32,42.247016
2024-07-07 08:11:33,47.325952
2024-07-07 08:11:34,50.051384
2024-07-07 08:11:35,48.21848
2024-07-07 08:11:36,55.221232
2024-07-07 08:11:37,27.512768
2024-07-07 08:11:52,0.039728
2024-07-07 08:12:22,18.336184
2024-07-07 08:12:23,48.820312
2024-07-07 08:12:24,47.854176
2024-07-07 08:12:25,45.631712
2024-07-07 08:12:26,39.857088
2024-07-07 08:12:27,33.21312
2024-07-07 08:12:52,0.090904
2024-07-07 08:13:12,8.901208
2024-07-07 08:13:13,52.89176
2024-07-07 08:13:14,54.509152
2024-07-07 08:13:15,62.575448
2024-07-07 08:13:16,60.982928
2024-07-07 08:13:52,0.040808
2024-07-07 08:14:01,4.145864
2024-07-07 08:14:02,49.912512
2024-07-07 08:14:03,67.539824
2024-07-07 08:14:04,61.27604
2024-07-07 08:14:05,34.326632
2024-07-07 08:14:52,0.038592
2024-07-07 08:14:59,1.716696
2024-07-07 08:15:00,61.530736
2024-07-07 08:15:01,66.846832
2024-07-07 08:15:02,47.063648
2024-07-07 08:15:03,55.483384
2024-07-07 08:15:04,71.10084
2024-07-07 08:15:05,67.382848
2024-07-07 08:15:06,62.391416
2024-07-07 08:15:07,47.617328
2024-07-07 08:15:08,4.177872
2024-07-07 08:15:52,0.040112
2024-07-07 08:15:53,43.217192
2024-07-07 08:15:54,50.996256
2024-07-07 08:15:55,48.872
2024-07-07 08:15:56,61.799688
2024-07-07 08:15:57,52.54636
2024-07-07 08:15:58,46.233552
2024-07-07 08:16:43,10.710936
2024-07-07 08:16:44,65.62032
2024-07-07 08:16:45,66.571768
2024-07-07 08:16:46,63.355368
2024-07-07 08:16:47,51.48168
2024-07-07 08:16:48,6.318704
2024-07-07 08:16:52,0.03984
2024-07-07 08:17:48,0.002624
2024-07-07 08:17:52,0.039504
2024-07-07 08:17:57,21.868856
2024-07-07 08:17:58,58.942896
2024-07-07 08:17:59,67.145672
2024-07-07 08:18:00,55.372968
2024-07-07 08:18:01,40.466064
2024-07-07 08:18:02,33.462872
2024-07-07 08:18:46,1.719744
2024-07-07 08:18:47,65.04584
2024-07-07 08:18:48,54.103488
2024-07-07 08:18:49,50.253072
2024-07-07 08:18:50,59.383544
2024-07-07 08:18:51,63.910512
2024-07-07 08:18:52,47.743456
2024-07-07 08:18:53,53.02176
2024-07-07 08:18:54,50.856064
2024-07-07 08:19:38,13.627952
2024-07-07 08:19:52,0.0638
2024-07-07 08:19:53,0.001472
2024-07-07 08:20:17,58.963448
2024-07-07 08:20:18,58.183968
2024-07-07 08:20:19,64.037752
2024-07-07 08:20:20,56.618832
2024-07-07 08:20:21,40.92848
2024-07-07 08:20:22,38.532528
2024-07-07 08:20:23,44.9126
2024-07-07 08:20:24,52.597992
2024-07-07 08:20:25,55.505712
2024-07-07 08:20:26,55.527376
2024-07-07 08:20:27,55.592976
2024-07-07 08:20:28,14.764664
2024-07-07 08:20:52,0.041472
2024-07-07 08:21:12,18.438608
2024-07-07 08:21:13,51.180976
2024-07-07 08:21:14,41.607416
2024-07-07 08:21:15,67.652648
2024-07-07 08:21:16,51.596144
2024-07-07 08:21:17,40.975288
2024-07-07 08:21:18,1.359792
2024-07-07 08:21:52,0.039528
2024-07-07 08:22:02,3.968368
2024-07-07 08:22:03,33.687144
2024-07-07 08:22:18,0.000832
2024-07-07 08:22:19,0.00064
2024-07-07 08:22:39,53.287296
2024-07-07 08:22:40,34.251224
2024-07-07 08:22:41,52.567864
2024-07-07 08:22:42,35.431416
2024-07-07 08:22:43,64.884912
2024-07-07 08:22:44,49.325264
2024-07-07 08:22:45,5.511352
2024-07-07 08:22:52,0.040112
2024-07-07 08:23:30,55.802048
2024-07-07 08:23:31,44.325712
2024-07-07 08:23:32,52.334216
2024-07-07 08:23:33,36.438672
2024-07-07 08:23:34,29.156016
2024-07-07 08:23:52,0.038552
2024-07-07 08:24:19,17.062336
2024-07-07 08:24:20,71.668976
2024-07-07 08:24:21,4.33476
2024-07-07 08:24:52,0.040104
2024-07-07 08:25:04,0.90304
2024-07-07 08:25:05,62.925624
2024-07-07 08:25:06,62.838744
2024-07-07 08:25:07,69.786616
2024-07-07 08:25:08,70.843248
2024-07-07 08:25:09,63.810864
2024-07-07 08:25:10,78.68988
2024-07-07 08:25:11,67.908584
2024-07-07 08:25:12,56.779768
2024-07-07 08:25:13,63.23804
2024-07-07 08:25:14,62.974248
2024-07-07 08:25:15,56.779736
2024-07-07 08:25:16,46.42584
2024-07-07 08:25:52,0.038552
2024-07-07 08:26:01,0.006424
2024-07-07 08:26:02,42.789472
2024-07-07 08:26:03,60.678752
2024-07-07 08:26:04,58.466064
2024-07-07 08:26:05,56.460464
2024-07-07 08:26:06,48.615704
2024-07-07 08:26:52,0.09108
2024-07-07 08:26:56,1.34432
2024-07-07 08:26:57,69.464128
2024-07-07 08:26:58,52.623608
2024-07-07 08:26:59,54.5682
2024-07-07 08:27:00,59.985488
2024-07-07 08:27:01,42.68472
2024-07-07 08:27:02,69.018136
2024-07-07 08:27:03,65.982632
2024-07-07 08:27:04,46.40432
2024-07-07 08:27:05,50.864056
2024-07-07 08:27:06,69.38216
2024-07-07 08:27:07,2.98432
2024-07-07 08:27:52,0.039848
2024-07-07 08:27:53,14.980576
2024-07-07 08:27:54,65.27396
2024-07-07 08:27:55,56.50216
2024-07-07 08:27:56,70.240864
2024-07-07 08:27:57,51.667896
2024-07-07 08:28:26,36.984832
2024-07-07 08:28:27,16.961784
2024-07-07 08:28:38,43.80904
2024-07-07 08:28:39,20.720096
2024-07-07 08:28:46,49.771168
2024-07-07 08:28:47,60.515184
2024-07-07 08:28:52,0.038576
2024-07-07 08:28:58,26.457296
2024-07-07 08:28:59,60.909848
2024-07-07 08:29:00,67.289352
2024-07-07 08:29:01,2.23396
2024-07-07 08:29:15,19.940912
2024-07-07 08:29:16,67.615248
2024-07-07 08:29:17,59.755832
2024-07-07 08:29:18,29.37464
2024-07-07 08:29:34,53.698776
2024-07-07 08:29:35,51.420448
2024-07-07 08:29:36,50.121176
2024-07-07 08:29:37,41.166944
2024-07-07 08:29:52,0.039152
2024-07-07 08:30:04,14.438088
2024-07-07 08:30:05,56.522264
2024-07-07 08:30:06,65.403632
2024-07-07 08:30:07,56.819712
2024-07-07 08:30:08,14.004288
2024-07-07 08:30:31,30.501712
2024-07-07 08:30:32,60.42628
2024-07-07 08:30:33,47.736304
2024-07-07 08:30:34,50.40952
2024-07-07 08:30:35,32.718296
2024-07-07 08:30:52,0.039736
2024-07-07 08:31:01,19.347096
2024-07-07 08:31:02,62.744744
2024-07-07 08:31:03,39.222672
2024-07-07 08:31:04,62.018816
2024-07-07 08:31:05,66.793792
2024-07-07 08:31:06,26.680816
2024-07-07 08:31:45,29.807664
2024-07-07 08:31:46,65.269432
2024-07-07 08:31:47,43.711632
2024-07-07 08:31:48,71.1742
2024-07-07 08:31:49,60.516888
2024-07-07 08:31:50,56.2608
2024-07-07 08:31:51,31.796976
2024-07-07 08:31:52,0.040456
2024-07-07 08:32:36,16.900624
2024-07-07 08:32:37,35.674648
2024-07-07 08:32:52,0.062696
2024-07-07 08:33:12,34.85968
2024-07-07 08:33:13,64.216904
2024-07-07 08:33:14,58.122848
2024-07-07 08:33:15,55.105376
2024-07-07 08:33:16,39.414008
2024-07-07 08:33:17,45.06632
2024-07-07 08:33:18,8.001232
2024-07-07 08:33:52,0.040496
2024-07-07 08:34:03,49.889264
2024-07-07 08:34:04,58.615496
2024-07-07 08:34:05,41.914992
2024-07-07 08:34:06,4.56268
2024-07-07 08:34:51,32.01364
2024-07-07 08:34:52,40.781648
2024-07-07 08:34:53,23.467808
2024-07-07 08:35:38,20.923232
2024-07-07 08:35:39,42.194632
2024-07-07 08:35:40,39.088512
2024-07-07 08:35:52,0.039824
2024-07-07 08:36:25,0.376584
2024-07-07 08:36:26,41.959168
2024-07-07 08:36:27,55.944472
2024-07-07 08:36:52,0.039512
2024-07-07 08:37:10,0.012832
2024-07-07 08:37:11,61.061696
2024-07-07 08:37:12,59.303576
2024-07-07 08:37:13,41.509456
2024-07-07 08:37:14,51.858688
2024-07-07 08:37:15,56.708552
2024-07-07 08:37:16,62.48456
2024-07-07 08:37:17,14.727968
2024-07-07 08:37:52,0.041344
2024-07-07 08:38:01,14.9128
2024-07-07 08:38:02,60.288816
2024-07-07 08:38:03,57.271368
2024-07-07 08:38:04,52.403088
2024-07-07 08:38:05,56.714808
2024-07-07 08:38:50,1.79136
2024-07-07 08:38:51,41.92044
2024-07-07 08:38:52,43.705232
2024-07-07 08:38:53,69.566912
2024-07-07 08:38:54,73.890544
2024-07-07 08:38:55,56.840992
2024-07-07 08:39:40,1.0
2024-07-07 08:39:41,65.370424
2024-07-07 08:39:42,59.799304
2024-07-07 08:39:43,65.171216
2024-07-07 08:39:44,59.783312
2024-07-07 08:39:45,60.791968
2024-07-07 08:39:46,64.176056
2024-07-07 08:39:47,13.165544
2024-07-07 08:39:52,0.039792
2024-07-07 08:40:32,29.570456
2024-07-07 08:40:33,52.534928
2024-07-07 08:40:34,60.397648
2024-07-07 08:40:52,0.040496
2024-07-07 08:41:33,0.001472
2024-07-07 08:41:34,0.014272
2024-07-07 08:41:35,37.942536
2024-07-07 08:41:36,72.452056
2024-07-07 08:41:37,59.293424
2024-07-07 08:41:38,62.195488
2024-07-07 08:41:39,68.283584
2024-07-07 08:41:40,50.608128
2024-07-07 08:41:41,64.324376
2024-07-07 08:41:42,58.338024
2024-07-07 08:41:43,62.714048
2024-07-07 08:41:44,75.80352
2024-07-07 08:41:45,56.098936
2024-07-07 08:41:46,46.419096
2024-07-07 08:41:52,0.038888
2024-07-07 08:42:31,9.411024
2024-07-07 08:42:32,28.61584
2024-07-07 08:42:45,0.00032
2024-07-07 08:42:52,0.04048
2024-07-07 08:43:03,21.91424
2024-07-07 08:43:04,72.321528
2024-07-07 08:43:05,72.107072
2024-07-07 08:43:06,71.652352
2024-07-07 08:43:07,66.90248
2024-07-07 08:43:08,68.8892
2024-07-07 08:43:09,65.195456
2024-07-07 08:43:10,29.883232
2024-07-07 08:43:48,32.27768
2024-07-07 08:43:49,46.430256
2024-07-07 08:43:50,69.552128
2024-07-07 08:43:51,67.382904
2024-07-07 08:43:52,60.882568
2024-07-07 08:44:12,2.689408
2024-07-07 08:44:13,72.765088
2024-07-07 08:44:14,64.435344
2024-07-07 08:44:15,43.44456
2024-07-07 08:44:16,59.005352
2024-07-07 08:44:17,46.279616
2024-07-07 08:44:18,19.599968
2024-07-07 08:44:44,0.006408
2024-07-07 08:44:45,61.341864
2024-07-07 08:44:46,28.065088
2024-07-07 08:44:52,0.064608
2024-07-07 08:44:57,15.970112
2024-07-07 08:45:04,2.053624
2024-07-07 08:45:05,56.906792
2024-07-07 08:45:06,55.575808
2024-07-07 08:45:07,14.6736
2024-07-07 08:45:42,2.237096
2024-07-07 08:45:43,29.370416
2024-07-07 08:45:44,9.589968
2024-07-07 08:45:52,0.03924
2024-07-07 08:46:29,10.716488
2024-07-07 08:46:52,0.039544
2024-07-07 08:47:29,0.00064
2024-07-07 08:47:32,0.049504
2024-07-07 08:47:33,0.723592
2024-07-07 08:47:34,0.774352
2024-07-07 08:47:35,19.148312
2024-07-07 08:47:36,49.957472
2024-07-07 08:47:37,64.017448
2024-07-07 08:47:38,78.061136
2024-07-07 08:47:39,69.819104
2024-07-07 08:47:40,73.883144
2024-07-07 08:47:41,66.220296
2024-07-07 08:47:42,67.949312
2024-07-07 08:47:43,72.438824
2024-07-07 08:47:44,64.595456
2024-07-07 08:47:45,66.871208
2024-07-07 08:47:46,72.537144
2024-07-07 08:47:47,74.746
2024-07-07 08:47:48,69.868032
2024-07-07 08:47:49,71.32352
2024-07-07 08:47:50,78.876384
2024-07-07 08:47:51,26.909376
2024-07-07 08:47:52,0.040064
2024-07-07 08:48:34,0.00064
2024-07-07 08:48:35,0.001152
2024-07-07 08:48:36,0.00032
2024-07-07 08:48:38,29.718992
2024-07-07 08:48:39,56.538192
2024-07-07 08:48:40,80.901016
2024-07-07 08:48:41,58.378208
2024-07-07 08:48:42,55.034368
2024-07-07 08:48:43,70.15864
2024-07-07 08:48:44,51.759136
2024-07-07 08:48:45,67.809656
2024-07-07 08:48:46,66.080936
2024-07-07 08:48:47,69.453296
2024-07-07 08:48:48,42.997632
2024-07-07 08:48:49,44.078152
2024-07-07 08:48:50,31.306072
2024-07-07 08:48:51,34.760544
2024-07-07 08:48:52,13.094064
2024-07-07 08:49:37,27.362816
2024-07-07 08:49:38,31.99784
2024-07-07 08:49:39,42.053736
2024-07-07 08:49:40,34.933176
2024-07-07 08:49:41,19.331376
2024-07-07 08:50:26,21.325936
2024-07-07 08:50:27,8.50692
2024-07-07 08:50:38,0.088152
2024-07-07 08:50:41,0.001472
2024-07-07 08:51:07,11.940336
2024-07-07 08:51:08,46.252048
2024-07-07 08:51:09,39.147944
2024-07-07 08:51:10,38.50548
2024-07-07 08:51:11,69.413328
2024-07-07 08:51:12,46.627208
2024-07-07 08:51:13,15.3012
2024-07-07 08:51:38,0.038984
2024-07-07 08:51:58,36.805688
2024-07-07 08:51:59,45.84264
2024-07-07 08:52:00,27.520512
2024-07-07 08:52:38,0.038712
2024-07-07 08:52:45,30.929208
2024-07-07 08:52:46,68.767096
2024-07-07 08:52:47,59.91596
2024-07-07 08:52:48,22.24908
2024-07-07 08:53:32,12.36632
2024-07-07 08:53:33,54.471944
2024-07-07 08:53:34,50.208016
2024-07-07 08:53:35,60.920128
2024-07-07 08:53:36,58.290744
2024-07-07 08:53:37,61.685992
2024-07-07 08:53:38,16.94992
2024-07-07 08:54:23,41.202848
2024-07-07 08:54:24,53.912232
2024-07-07 08:54:25,45.484792
2024-07-07 08:54:26,54.563808
2024-07-07 08:54:27,66.265392
2024-07-07 08:54:28,21.239832
2024-07-07 08:54:38,0.03808
2024-07-07 08:55:13,21.831208
2024-07-07 08:55:14,52.574648
2024-07-07 08:55:15,35.547584
2024-07-07 08:55:16,33.02116
2024-07-07 08:55:17,28.709088
2024-07-07 08:55:18,9.363672
2024-07-07 08:55:38,0.038992
2024-07-07 08:56:18,0.002944
2024-07-07 08:56:30,12.05484
2024-07-07 08:56:31,68.776592
2024-07-07 08:56:32,69.5842
2024-07-07 08:56:33,53.580728
2024-07-07 08:56:34,49.55204
2024-07-07 08:56:35,61.952896
2024-07-07 08:56:36,51.493888
2024-07-07 08:56:38,0.038376
2024-07-07 08:57:21,1.901568
2024-07-07 08:57:22,65.778296
2024-07-07 08:57:23,78.489552
2024-07-07 08:57:24,65.936416
2024-07-07 08:57:25,76.606576
2024-07-07 08:57:26,59.384288
2024-07-07 08:57:27,62.167976
2024-07-07 08:57:28,20.354064
2024-07-07 08:57:30,0.001472
2024-07-07 08:57:38,0.039328
2024-07-07 08:58:13,37.82032
2024-07-07 08:58:14,47.852976
2024-07-07 08:58:15,62.810016
2024-07-07 08:58:16,41.930064
2024-07-07 08:58:38,0.038376
2024-07-07 08:59:06,66.2158
2024-07-07 08:59:07,70.775552
2024-07-07 08:59:08,72.077592
2024-07-07 08:59:09,66.211912
2024-07-07 08:59:10,68.095024
2024-07-07 08:59:11,64.699576
2024-07-07 08:59:12,66.324264
2024-07-07 08:59:13,77.743904
2024-07-07 08:59:14,62.656096
2024-07-07 08:59:15,77.592792
2024-07-07 08:59:16,70.9066
2024-07-07 08:59:17,2.495408
2024-07-07 08:59:38,0.063152
2024-07-07 09:00:14,0.001472
2024-07-07 09:00:16,0.001472
2024-07-07 09:00:27,0.272752
2024-07-07 09:00:28,58.811712
2024-07-07 09:00:29,67.886144
2024-07-07 09:00:30,59.66876
2024-07-07 09:00:31,71.517344
2024-07-07 09:00:32,55.278944
2024-07-07 09:00:33,46.747232
2024-07-07 09:00:34,51.511552
2024-07-07 09:00:35,7.518008
2024-07-07 09:00:38,0.039992
2024-07-07 09:00:39,0.080928
2024-07-07 09:01:20,4.15116
2024-07-07 09:01:21,60.963536
2024-07-07 09:01:22,77.410264
2024-07-07 09:01:23,27.134
2024-07-07 09:01:27,0.002304
2024-07-07 09:01:28,0.00064
2024-07-07 09:01:34,6.669088
2024-07-07 09:01:35,76.455872
2024-07-07 09:01:36,65.701216
2024-07-07 09:01:38,0.038384
2024-07-07 09:01:51,15.288496
2024-07-07 09:01:52,65.16864
2024-07-07 09:01:53,14.109496
2024-07-07 09:02:01,49.442128
2024-07-07 09:02:02,36.748672
2024-07-07 09:02:08,4.965328
2024-07-07 09:02:09,59.45816
2024-07-07 09:02:10,11.48272
2024-07-07 09:02:16,37.20032
2024-07-07 09:02:17,40.765472
2024-07-07 09:02:31,54.277736
2024-07-07 09:02:32,46.355664
2024-07-07 09:02:33,37.306032
2024-07-07 09:02:38,0.037992
2024-07-07 09:03:23,15.43056
2024-07-07 09:03:24,43.723544
2024-07-07 09:03:25,30.858128
2024-07-07 09:03:26,54.415712
2024-07-07 09:03:27,48.826664
2024-07-07 09:03:28,39.570944
2024-07-07 09:03:29,60.177184
2024-07-07 09:03:30,34.587256
2024-07-07 09:03:38,0.038408
2024-07-07 09:04:14,0.006408
2024-07-07 09:04:15,47.579928
2024-07-07 09:04:16,16.859048
2024-07-07 09:04:29,0.001152
2024-07-07 09:04:30,0.00032
2024-07-07 09:04:37,0.00032
2024-07-07 09:04:38,0.062192
2024-07-07 09:04:52,0.006728
2024-07-07 09:04:53,55.4042
2024-07-07 09:04:54,67.048944
2024-07-07 09:04:55,64.372936
2024-07-07 09:04:56,69.310032
2024-07-07 09:04:57,45.54768
2024-07-07 09:04:58,38.228024
2024-07-07 09:04:59,37.82064
2024-07-07 09:05:00,47.928408
2024-07-07 09:05:01,45.133536
2024-07-07 09:05:02,2.224008
2024-07-07 09:05:38,0.038392
2024-07-07 09:05:47,32.213864
2024-07-07 09:05:48,59.083024
2024-07-07 09:05:49,42.867552
2024-07-07 09:05:50,37.999952
2024-07-07 09:05:51,63.4582
2024-07-07 09:05:52,41.840504
2024-07-07 09:05:53,37.995776
2024-07-07 09:05:54,5.714464
2024-07-07 09:06:38,0.038712
2024-07-07 09:06:39,26.95688
2024-07-07 09:06:40,30.63672
2024-07-07 09:07:21,34.124352
2024-07-07 09:07:22,58.829904
2024-07-07 09:07:23,64.567656
2024-07-07 09:07:24,58.43848
2024-07-07 09:07:25,71.064608
2024-07-07 09:07:26,59.02708
2024-07-07 09:07:27,30.68492
2024-07-07 09:07:38,0.038
2024-07-07 09:08:12,2.769456
2024-07-07 09:08:13,42.186112
2024-07-07 09:08:14,58.580456
2024-07-07 09:08:15,62.011968
2024-07-07 09:08:16,44.745968
2024-07-07 09:08:17,1.730152
2024-07-07 09:08:38,0.03744
2024-07-07 09:09:02,36.06024
2024-07-07 09:09:03,57.059752
2024-07-07 09:09:04,63.390896
2024-07-07 09:09:05,70.152568
2024-07-07 09:09:06,5.156168
2024-07-07 09:09:38,0.070368
2024-07-07 09:09:39,0.018472
2024-07-07 09:10:05,8.482696
2024-07-07 09:10:06,69.991616
2024-07-07 09:10:07,57.452576
2024-07-07 09:10:08,57.18216
2024-07-07 09:10:09,59.92652
2024-07-07 09:10:10,63.394232
2024-07-07 09:10:11,55.889536
2024-07-07 09:10:12,53.071816
2024-07-07 09:10:13,47.928336
2024-07-07 09:10:38,0.040256
2024-07-07 09:10:58,0.466456
2024-07-07 09:10:59,56.972936
2024-07-07 09:11:00,62.158392
2024-07-07 09:11:01,60.081912
2024-07-07 09:11:02,37.992216
2024-07-07 09:11:38,0.062336
2024-07-07 09:11:47,14.578536
2024-07-07 09:11:48,59.413776
2024-07-07 09:11:49,51.71796
2024-07-07 09:11:50,12.151128
2024-07-07 09:12:35,35.584392
2024-07-07 09:12:36,42.413752
2024-07-07 09:12:37,44.93856
2024-07-07 09:12:38,0.039008
2024-07-07 09:13:37,0.002944
2024-07-07 09:13:38,0.03904
2024-07-07 09:14:38,0.08812
2024-07-07 09:14:55,38.36244
2024-07-07 09:14:56,66.755344
2024-07-07 09:14:57,60.054392
2024-07-07 09:14:58,74.5676
2024-07-07 09:14:59,70.526736
2024-07-07 09:15:00,51.454784
2024-07-07 09:15:01,64.068872
2024-07-07 09:15:02,22.60008
2024-07-07 09:15:38,0.039384
2024-07-07 09:15:47,61.198312
2024-07-07 09:15:48,56.635744
2024-07-07 09:15:49,40.21164
2024-07-07 09:15:50,17.199824
2024-07-07 09:16:35,8.916456
2024-07-07 09:16:36,57.448768
2024-07-07 09:16:37,46.36736
2024-07-07 09:16:38,39.11764
2024-07-07 09:17:34,0.039368
2024-07-07 09:17:37,0.001472
2024-07-07 09:17:38,0.001472
2024-07-07 09:17:48,18.144008
2024-07-07 09:17:49,51.671072
2024-07-07 09:17:50,43.0256
2024-07-07 09:17:51,49.007352
2024-07-07 09:18:34,0.03872
2024-07-07 09:18:36,32.456928
2024-07-07 09:18:37,65.471496
2024-07-07 09:18:38,45.550912
2024-07-07 09:19:34,0.03772
2024-07-07 09:19:38,0.002944
2024-07-07 09:19:39,0.761072
2024-07-07 09:19:40,55.567344
2024-07-07 09:19:41,66.587576
2024-07-07 09:19:42,59.15504
2024-07-07 09:19:43,63.861096
2024-07-07 09:19:44,63.768088
2024-07-07 09:19:45,56.044056
2024-07-07 09:19:46,56.942704
2024-07-07 09:20:31,2.46436
2024-07-07 09:20:32,48.58912
2024-07-07 09:20:33,61.966968
2024-07-07 09:20:34,43.84892
2024-07-07 09:21:19,48.311952
2024-07-07 09:21:20,48.411744
2024-07-07 09:21:21,51.939456
2024-07-07 09:21:22,60.84252
2024-07-07 09:21:23,61.039288
2024-07-07 09:21:24,30.991536
2024-07-07 09:21:34,0.03864
2024-07-07 09:22:09,13.1692
2024-07-07 09:22:10,66.530392
2024-07-07 09:22:11,52.826384
2024-07-07 09:22:12,59.368848
2024-07-07 09:22:13,48.30384
2024-07-07 09:22:14,53.135464
2024-07-07 09:22:15,39.485304
2024-07-07 09:22:34,0.038696
2024-07-07 09:23:14,0.001472
2024-07-07 09:23:15,0.001152
2024-07-07 09:23:26,10.034912
2024-07-07 09:23:27,44.979848
2024-07-07 09:23:28,49.997888
2024-07-07 09:23:29,52.401056
2024-07-07 09:23:30,75.242112
2024-07-07 09:23:31,58.595672
2024-07-07 09:23:32,64.804488
2024-07-07 09:23:33,46.992984
2024-07-07 09:23:34,59.846504
2024-07-07 09:23:35,8.356352
2024-07-07 09:24:20,34.18792
2024-07-07 09:24:21,45.954536
2024-07-07 09:24:22,74.841008
2024-07-07 09:24:23,42.139736
2024-07-07 09:24:34,0.03868
2024-07-07 09:25:08,25.775408
2024-07-07 09:25:09,56.200184
2024-07-07 09:25:10,59.012912
2024-07-07 09:25:11,42.224248
2024-07-07 09:25:34,0.039672
2024-07-07 09:25:56,4.96728
2024-07-07 09:25:57,28.589392
2024-07-07 09:26:34,0.038712
2024-07-07 09:26:40,7.510936
2024-07-07 09:26:41,27.835768
2024-07-07 09:26:42,44.149792
2024-07-07 09:26:43,58.125784
2024-07-07 09:26:44,63.692192
2024-07-07 09:26:45,60.99196
2024-07-07 09:26:46,33.116688
2024-07-07 09:27:31,38.256624
2024-07-07 09:27:32,39.536776
2024-07-07 09:27:33,48.216864
2024-07-07 09:27:34,29.434664
2024-07-07 09:28:19,26.405072
2024-07-07 09:28:20,40.072184
2024-07-07 09:28:21,34.347672
2024-07-07 09:28:22,35.807888
2024-07-07 09:28:23,4.093648
2024-07-07 09:28:34,0.088824
2024-07-07 09:29:08,45.059384
2024-07-07 09:29:09,58.745264
2024-07-07 09:29:10,50.461936
2024-07-07 09:29:11,67.577264
2024-07-07 09:29:12,65.147256
2024-07-07 09:29:13,44.205984
2024-07-07 09:29:34,0.037624
2024-07-07 09:29:58,20.188616
2024-07-07 09:29:59,51.58868
2024-07-07 09:30:00,20.638928
2024-07-07 09:30:34,0.037776
2024-07-07 09:30:58,44.613112
2024-07-07 09:30:59,66.00184
2024-07-07 09:31:00,52.14692
2024-07-07 09:31:01,52.851184
2024-07-07 09:31:02,51.5246
2024-07-07 09:31:03,51.746832
2024-07-07 09:31:04,64.942032
2024-07-07 09:31:34,0.038328
2024-07-07 09:31:49,4.078984
2024-07-07 09:31:50,61.755464
2024-07-07 09:31:51,69.545616
2024-07-07 09:31:52,49.341656
2024-07-07 09:31:53,35.824584
2024-07-07 09:32:34,0.038064
2024-07-07 09:32:38,11.827864
2024-07-07 09:32:39,54.9324
2024-07-07 09:32:40,52.544576
2024-07-07 09:32:41,34.885648
2024-07-07 09:32:42,37.229096
2024-07-07 09:32:43,20.598392
2024-07-07 09:33:28,14.938256
2024-07-07 09:33:29,65.08648
2024-07-07 09:33:30,42.009272
2024-07-07 09:33:31,22.038128
2024-07-07 09:33:34,0.03932
2024-07-07 09:34:16,22.24908
2024-07-07 09:34:17,28.307024
2024-07-07 09:34:18,29.203752
2024-07-07 09:34:19,25.865584
2024-07-07 09:34:20,9.67196
2024-07-07 09:34:34,0.088992
2024-07-07 09:35:05,15.188752
2024-07-07 09:35:19,0.001472
2024-07-07 09:35:34,0.039368
2024-07-07 09:35:38,20.767824
2024-07-07 09:35:39,50.545856
2024-07-07 09:35:40,44.658368
2024-07-07 09:35:41,24.359808
2024-07-07 09:36:26,7.23312
2024-07-07 09:36:27,1.148848
2024-07-07 09:36:34,0.037776
2024-07-07 09:37:19,0.050808
2024-07-07 09:37:20,0.775616
2024-07-07 09:37:21,2.252552
2024-07-07 09:37:22,30.295112
2024-07-07 09:37:23,47.213776
2024-07-07 09:37:24,40.312952
2024-07-07 09:37:25,51.072688
2024-07-07 09:37:26,36.796264
2024-07-07 09:37:27,65.766672
2024-07-07 09:37:28,59.22696
2024-07-07 09:37:29,47.234488
2024-07-07 09:37:30,57.698584
2024-07-07 09:37:34,0.039
2024-07-07 09:38:21,0.001472
2024-07-07 09:38:24,15.031984
2024-07-07 09:38:25,50.706416
2024-07-07 09:38:26,52.503768
2024-07-07 09:38:27,60.473776
2024-07-07 09:38:28,56.066336
2024-07-07 09:38:29,63.091864
2024-07-07 09:38:30,57.92888
2024-07-07 09:38:31,69.619992
2024-07-07 09:38:32,44.656632
2024-07-07 09:38:33,59.860408
2024-07-07 09:38:34,60.925648
2024-07-07 09:38:35,51.011512
2024-07-07 09:38:36,64.813816
2024-07-07 09:38:37,71.367008
2024-07-07 09:38:38,45.4936
2024-07-07 09:38:39,0.00032
2024-07-07 09:39:23,0.012632
2024-07-07 09:39:24,15.93972
2024-07-07 09:39:25,39.473104
2024-07-07 09:39:26,42.770288
2024-07-07 09:40:11,20.61592
2024-07-07 09:40:12,49.571272
2024-07-07 09:40:13,34.350208
2024-07-07 09:40:14,45.715152
2024-07-07 09:40:15,15.71
2024-07-07 09:40:24,0.038744
2024-07-07 09:41:00,30.496456
2024-07-07 09:41:01,54.69676
2024-07-07 09:41:02,32.978016
2024-07-07 09:41:03,36.79084
2024-07-07 09:41:04,72.639632
2024-07-07 09:41:05,8.149288
2024-07-07 09:41:24,0.038512
2024-07-07 09:41:50,51.379136
2024-07-07 09:41:51,83.08384
2024-07-07 09:41:52,59.883496
2024-07-07 09:41:53,54.029968
2024-07-07 09:42:24,0.038752
2024-07-07 09:42:49,46.63416
2024-07-07 09:42:50,61.653304
2024-07-07 09:42:51,47.385072
2024-07-07 09:42:52,48.752832
2024-07-07 09:42:53,41.259032
2024-07-07 09:42:54,53.695376
2024-07-07 09:42:55,63.424808
2024-07-07 09:42:56,49.290544
2024-07-07 09:42:57,47.73276
2024-07-07 09:43:24,0.038456
2024-07-07 09:43:42,8.025136
2024-07-07 09:43:43,41.553408
2024-07-07 09:43:44,33.432296
2024-07-07 09:43:45,58.062632
2024-07-07 09:43:46,47.071296
2024-07-07 09:43:47,60.412376
2024-07-07 09:43:48,63.356808
2024-07-07 09:43:49,79.794896
2024-07-07 09:43:50,23.3744
2024-07-07 09:44:24,0.062704
2024-07-07 09:44:35,27.498464
2024-07-07 09:44:36,82.323624
2024-07-07 09:44:37,40.80704
2024-07-07 09:44:38,32.519176
2024-07-07 09:45:24,0.040184
2024-07-07 09:45:37,0.001472
2024-07-07 09:45:38,0.001472
2024-07-07 09:45:43,0.0016
2024-07-07 09:45:44,34.358296
2024-07-07 09:45:45,51.713976
2024-07-07 09:45:46,66.18896
2024-07-07 09:45:47,56.27832
2024-07-07 09:45:48,48.96544
2024-07-07 09:45:49,57.544376
2024-07-07 09:45:50,23.63116
2024-07-07 09:46:24,0.037792
2024-07-07 09:46:25,0.049176
2024-07-07 09:46:34,0.00636
2024-07-07 09:46:35,64.312832
2024-07-07 09:46:36,74.341752
2024-07-07 09:46:37,55.263232
2024-07-07 09:46:38,83.823568
2024-07-07 09:46:39,41.791432
2024-07-07 09:47:24,8.039336
2024-07-07 09:47:25,35.834576
2024-07-07 09:48:06,42.19576
2024-07-07 09:48:07,59.65992
2024-07-07 09:48:08,62.399896
2024-07-07 09:48:09,66.89296
2024-07-07 09:48:10,72.713024
2024-07-07 09:48:11,54.171904
2024-07-07 09:48:12,40.704552
2024-07-07 09:48:13,51.70636
2024-07-07 09:48:14,20.848264
2024-07-07 09:48:24,0.037664
2024-07-07 09:48:59,19.078936
2024-07-07 09:49:00,62.125904
2024-07-07 09:49:01,54.11556
2024-07-07 09:49:02,71.844544
2024-07-07 09:49:03,48.416152
2024-07-07 09:49:24,0.037576
2024-07-07 09:49:48,7.134464
2024-07-07 09:49:49,61.829496
2024-07-07 09:49:50,56.401696
2024-07-07 09:49:51,33.951112
2024-07-07 09:50:24,0.062192
2024-07-07 09:50:36,21.147064
2024-07-07 09:50:37,59.034584
2024-07-07 09:50:38,42.522112
2024-07-07 09:50:39,63.330616
2024-07-07 09:50:40,59.068304
2024-07-07 09:50:41,73.735856
2024-07-07 09:50:42,51.502736
2024-07-07 09:50:43,28.644408
2024-07-07 09:51:24,0.037936
2024-07-07 09:51:28,9.793736
2024-07-07 09:51:29,59.340272
2024-07-07 09:51:30,62.232016
2024-07-07 09:51:31,56.053456
2024-07-07 09:51:32,54.98232
2024-07-07 09:51:33,75.704992
2024-07-07 09:51:34,16.097656
2024-07-07 09:52:24,0.039216
2024-07-07 09:52:33,0.002624
2024-07-07 09:52:35,12.0606
2024-07-07 09:52:36,74.07816
2024-07-07 09:52:37,57.684304
2024-07-07 09:52:38,65.205856
2024-07-07 09:52:39,66.481936
2024-07-07 09:52:40,67.979424
2024-07-07 09:52:41,43.83496
2024-07-07 09:52:42,32.002392
2024-07-07 09:53:24,0.03856
2024-07-07 09:53:27,29.752696
2024-07-07 09:53:28,54.607808
2024-07-07 09:53:29,31.297672
2024-07-07 09:54:14,12.964768
2024-07-07 09:54:15,56.782136
2024-07-07 09:54:16,40.722232
2024-07-07 09:54:17,36.516
2024-07-07 09:54:18,4.861024
2024-07-07 09:54:24,0.039224
2024-07-07 09:55:03,47.138032
2024-07-07 09:55:04,45.430616
2024-07-07 09:55:05,6.16244
2024-07-07 09:55:24,0.038224
2024-07-07 09:56:05,0.002944
2024-07-07 09:56:12,16.1962
2024-07-07 09:56:13,41.606672
2024-07-07 09:56:14,54.98996
2024-07-07 09:56:15,54.330776
2024-07-07 09:56:16,12.798064
2024-07-07 09:56:24,0.063032
2024-07-07 09:57:00,0.901048
2024-07-07 09:57:01,48.540976
2024-07-07 09:57:02,35.210968
2024-07-07 09:57:03,31.305536
2024-07-07 09:57:24,0.0386
2024-07-07 09:57:48,0.006368
2024-07-07 09:57:49,25.202008
2024-07-07 09:57:50,38.254952
2024-07-07 09:57:51,39.572408
2024-07-07 09:57:52,57.883376
2024-07-07 09:57:53,19.746064
2024-07-07 09:58:24,0.038264
2024-07-07 09:58:38,37.202104
2024-07-07 09:58:39,37.2818
2024-07-07 09:58:40,40.64208
2024-07-07 09:58:41,37.104904
2024-07-07 09:58:42,42.89956
2024-07-07 09:59:24,0.038904
2024-07-07 09:59:27,12.756416
2024-07-07 09:59:28,56.16828
2024-07-07 09:59:29,58.814856
2024-07-07 09:59:30,50.026064
2024-07-07 09:59:31,34.996704
2024-07-07 09:59:32,24.572488
2024-07-07 10:00:17,11.046472
2024-07-07 10:00:18,38.926008
2024-07-07 10:00:19,46.424544
2024-07-07 10:00:20,42.428424
2024-07-07 10:00:21,3.529456
2024-07-07 10:00:24,0.038576
2024-07-07 10:00:39,0.084016
2024-07-07 10:01:06,24.884736
2024-07-07 10:01:07,47.915584
2024-07-07 10:01:08,49.837568
2024-07-07 10:01:09,16.946128
2024-07-07 10:01:24,0.03852
2024-07-07 10:01:54,7.517624
2024-07-07 10:02:09,0.00032
2024-07-07 10:02:24,0.043264
2024-07-07 10:02:25,0.019432
2024-07-07 10:02:26,60.601376
2024-07-07 10:02:27,53.371688
2024-07-07 10:02:28,47.228256
2024-07-07 10:02:29,55.537512
2024-07-07 10:02:30,50.894848
2024-07-07 10:02:31,63.707552
2024-07-07 10:02:32,61.77192
2024-07-07 10:02:33,60.777408
2024-07-07 10:02:34,63.557224
2024-07-07 10:02:35,28.265992
2024-07-07 10:03:20,24.009032
2024-07-07 10:03:21,54.311128
2024-07-07 10:03:22,54.91056
2024-07-07 10:03:23,46.6878
2024-07-07 10:03:24,0.040184
2024-07-07 10:04:08,41.306488
2024-07-07 10:04:09,50.698392
2024-07-07 10:04:10,76.053712
2024-07-07 10:04:11,68.070936
2024-07-07 10:04:12,68.85988
2024-07-07 10:04:13,62.027576
2024-07-07 10:04:14,71.570024
2024-07-07 10:04:15,13.660952
2024-07-07 10:04:24,0.037304
2024-07-07 10:04:59,20.735712
2024-07-07 10:05:14,0.001472
2024-07-07 10:05:24,0.038216
2024-07-07 10:05:33,26.41184
2024-07-07 10:05:34,70.494224
2024-07-07 10:05:35,63.290632
2024-07-07 10:05:36,69.098552
2024-07-07 10:05:37,66.452696
2024-07-07 10:05:38,66.679192
2024-07-07 10:05:39,67.072624
2024-07-07 10:05:40,75.577488
2024-07-07 10:05:41,71.5862
2024-07-07 10:05:42,49.506976
2024-07-07 10:05:43,50.760536
2024-07-07 10:06:24,0.037304
2024-07-07 10:06:28,4.874872
2024-07-07 10:06:29,46.5916
2024-07-07 10:07:01,47.197272
2024-07-07 10:07:02,50.891688
2024-07-07 10:07:03,68.954352
2024-07-07 10:07:04,63.197104
2024-07-07 10:07:05,72.0454
2024-07-07 10:07:06,61.636944
2024-07-07 10:07:07,51.989088
2024-07-07 10:07:08,64.899728
2024-07-07 10:07:09,26.812856
2024-07-07 10:07:24,0.026712
2024-07-07 10:07:25,0.060888
2024-07-07 10:08:08,0.000832
2024-07-07 10:08:09,0.00096
2024-07-07 10:08:21,2.221304
2024-07-07 10:08:22,78.774544
2024-07-07 10:08:23,44.827688
2024-07-07 10:08:24,65.486936
2024-07-07 10:08:25,67.786224
2024-07-07 10:08:26,63.850464
2024-07-07 10:08:27,52.5998
2024-07-07 10:08:28,37.953672
2024-07-07 10:09:13,14.66332
2024-07-07 10:09:14,50.470408
2024-07-07 10:09:15,64.91944
2024-07-07 10:09:16,45.51164
2024-07-07 10:09:17,55.19452
2024-07-07 10:09:18,45.515168
2024-07-07 10:09:19,23.996504
2024-07-07 10:09:24,0.062056
2024-07-07 10:10:04,25.708144
2024-07-07 10:10:05,48.0088
2024-07-07 10:10:06,69.607096
2024-07-07 10:10:07,8.787744
2024-07-07 10:10:24,0.038144
2024-07-07 10:10:58,0.006384
2024-07-07 10:10:59,69.165
2024-07-07 10:11:00,62.750288
2024-07-07 10:11:01,54.43808
2024-07-07 10:11:02,54.194296
2024-07-07 10:11:03,47.115192
2024-07-07 10:11:04,47.763656
2024-07-07 10:11:05,45.4598
2024-07-07 10:11:06,31.921216
2024-07-07 10:11:24,0.039248
2024-07-07 10:11:51,21.634504
2024-07-07 10:11:52,46.299688
2024-07-07 10:11:53,51.429096
2024-07-07 10:11:54,62.581952
2024-07-07 10:11:55,67.523488
2024-07-07 10:11:56,67.434152
2024-07-07 10:12:24,0.038856
2024-07-07 10:12:40,27.815896
2024-07-07 10:12:41,22.681648
2024-07-07 10:12:55,0.001472
2024-07-07 10:13:18,7.836072
2024-07-07 10:13:19,66.123248
2024-07-07 10:13:20,75.405168
2024-07-07 10:13:21,62.769736
2024-07-07 10:13:22,58.282288
2024-07-07 10:13:23,43.862088
2024-07-07 10:13:24,55.676864
2024-07-07 10:13:25,61.310216
2024-07-07 10:13:26,54.476888
2024-07-07 10:13:27,34.724744
2024-07-07 10:14:12,24.769176
2024-07-07 10:14:13,50.788104
2024-07-07 10:14:14,57.673832
2024-07-07 10:14:15,63.002664
2024-07-07 10:14:16,67.778872
2024-07-07 10:14:17,69.92528
2024-07-07 10:14:18,26.477664
2024-07-07 10:14:24,0.037896
2024-07-07 10:15:03,31.563936
2024-07-07 10:15:04,23.70556
2024-07-07 10:15:24,0.00676
2024-07-07 10:15:25,0.0904
2024-07-07 10:15:35,0.001472
2024-07-07 10:15:41,4.923768
2024-07-07 10:15:42,58.744376
2024-07-07 10:15:43,49.08864
2024-07-07 10:15:44,67.809704
2024-07-07 10:15:45,61.76216
2024-07-07 10:15:46,44.793664
2024-07-07 10:15:47,46.939072
2024-07-07 10:15:48,64.258888
2024-07-07 10:15:49,53.67712
2024-07-07 10:15:50,46.761064
2024-07-07 10:16:24,0.039528
2024-07-07 10:16:35,16.14516
2024-07-07 10:16:36,76.856736
2024-07-07 10:16:37,56.956792
2024-07-07 10:16:38,11.76396
2024-07-07 10:17:24,0.037304
2024-07-07 10:17:36,3.1238
2024-07-07 10:17:37,67.436448
2024-07-07 10:17:38,68.260432
2024-07-07 10:17:39,56.00704
2024-07-07 10:17:40,60.109056
2024-07-07 10:17:41,61.113456
2024-07-07 10:17:42,74.05316
2024-07-07 10:17:43,58.651968
2024-07-07 10:17:44,59.992488
2024-07-07 10:17:45,69.795848
2024-07-07 10:18:24,0.038192
2024-07-07 10:18:29,0.006384
2024-07-07 10:18:30,43.71768
2024-07-07 10:18:31,56.894664
2024-07-07 10:18:45,0.001472
2024-07-07 10:19:11,28.340248
2024-07-07 10:19:12,63.08736
2024-07-07 10:19:13,70.47356
2024-07-07 10:19:14,67.327144
2024-07-07 10:19:15,65.586792
2024-07-07 10:19:16,66.276688
2024-07-07 10:19:17,58.62012
2024-07-07 10:19:18,69.345432
2024-07-07 10:19:19,74.404656
2024-07-07 10:19:20,68.477104
2024-07-07 10:19:21,13.235864
2024-07-07 10:19:24,0.03888
2024-07-07 10:20:20,0.002944
2024-07-07 10:20:24,0.038568
2024-07-07 10:20:25,0.017424
2024-07-07 10:20:26,59.87444
2024-07-07 10:20:27,56.879624
2024-07-07 10:20:28,63.542512
2024-07-07 10:20:29,57.400584
2024-07-07 10:20:30,63.7974
2024-07-07 10:20:31,59.607696
2024-07-07 10:20:32,51.795432
2024-07-07 10:20:33,16.01776
2024-07-07 10:21:19,36.428632
2024-07-07 10:21:20,70.558072
2024-07-07 10:21:21,65.559136
2024-07-07 10:21:22,85.412
2024-07-07 10:21:23,60.844008
2024-07-07 10:21:24,42.57844
2024-07-07 10:21:58,44.970888
2024-07-07 10:21:59,49.351264
2024-07-07 10:22:00,60.97748
2024-07-07 10:22:01,32.119176
2024-07-07 10:22:24,0.026072
2024-07-07 10:22:25,0.061216
2024-07-07 10:22:31,0.006384
2024-07-07 10:22:32,56.142752
2024-07-07 10:22:33,68.631584
2024-07-07 10:22:34,64.52484
2024-07-07 10:22:35,51.94456
2024-07-07 10:22:36,50.319296
2024-07-07 10:22:37,20.984944
2024-07-07 10:23:16,27.995624
2024-07-07 10:23:17,58.207376
2024-07-07 10:23:18,40.383336
2024-07-07 10:23:19,37.792904
2024-07-07 10:23:20,63.752744
2024-07-07 10:23:21,35.237136
2024-07-07 10:23:22,63.641272
2024-07-07 10:23:23,20.502032
2024-07-07 10:23:24,0.038568
2024-07-07 10:24:17,8.422816
2024-07-07 10:24:18,25.112344
2024-07-07 10:24:19,35.156744
2024-07-07 10:24:20,49.524656
2024-07-07 10:24:21,54.83296
2024-07-07 10:24:22,8.628848
2024-07-07 10:24:24,0.038264
2024-07-07 10:25:06,1.31344
2024-07-07 10:25:07,49.010632
2024-07-07 10:25:08,2.090872
