throughput_mbps,rtt_ms,loss_rate,jitter_ms,users,cell_load
0.00576,105.5,0.0,0.0,1.0,0.03147114489402529
0.030248,105.0,0.0,0.0,1.0,0.1652672206170967
0.029816,104.0,0.0,0.0,1.0,0.16290688475004478
0.03156,105.0,0.0,0.0,1.0,0.17243564806518022
0.028992,104.5,0.0,0.0,1.0,0.15840476263326062
0.028456,104.5,0.0,0.0,1.0,0.1554761977611777
0.02892,105.0,0.0,0.0,1.0,0.1580113733220853
0.025456,104.5,0.0,0.0,1.0,0.1390849764622062
0.025712,104.0,0.0,0.0,1.0,0.14048369401305177
0.025456,104.5,0.0,0.0,1.0,0.1390849764622062
0.02892,105.0,0.0,0.0,1.0,0.1580113733220853
0.026456,104.5,0.0,0.0,1.0,0.14454871689519672
0.03192,104.5,0.0,0.0,1.0,0.17440259462105678
0.033656,104.5,0.0,0.0,1.0,0.1838876480127283
0.025504,104.5,0.0,0.0,1.0,0.13934723600298973
0.023736,104.0,0.0,0.0,1.0,0.12968734291746253
0.026992,104.5,0.0,0.0,1.0,0.14747728176727962
0.016808,104.5,0.0,0.0,1.0,0.09183454919770434
0.03084,104.5,0.0,0.0,1.0,0.16850175495342706
0.239888,104.0,0.0,0.0,1.0,1.0
0.087992,104.5,0.0,0.0,1.0,0.4807654481797002
0.049272,104.5,0.0,0.0,1.0,0.269209418614308
0.029704,104.0,0.0,0.0,1.0,0.16229494582154985
0.035536,104.5,0.0,0.0,1.0,0.19415948002675046
0.057304,104.5,0.0,0.0,1.0,0.3130941817720877
0.041648,104.0,0.0,0.0,1.0,0.22755386155318838
0.032048,104.5,0.0,0.0,1.0,0.17510195339647958
0.02552,104.5,0.0,0.0,1.0,0.1394346558499176
0.042224,105.0,0.0,0.0,1.0,0.2307009760425909
0.033528,104.5,0.0,0.0,1.0,0.18318828923730554
0.031656,104.5,0.0,0.0,1.0,0.1729601671467473
0.030832,105.0,0.0,0.0,1.0,0.16845804502996312
0.041216,104.0,0.0,0.0,1.0,0.22519352568613651
0.035936,105.0,0.0,0.0,1.0,0.19634497619994667
0.037608,104.0,0.0,0.0,1.0,0.2054803502039068
0.044008,104.5,0.0,0.0,1.0,0.24044828897504597
0.04444,104.5,0.0,0.0,1.0,0.2428086248420979
0.048888,104.0,0.0,0.0,1.0,0.2671113422880396
0.04388,104.5,0.0,0.0,1.0,0.2397489301996232
0.046968,105.0,0.0,0.0,1.0,0.25662096065669787
0.037408,104.5,0.0,0.0,1.0,0.20438760211730866
0.036488,105.0,0.0,0.0,1.0,0.19936096091895741
0.049888,104.5,0.0,0.0,1.0,0.27257508272103015
0.056472,104.5,0.0,0.0,1.0,0.3085483497318396
0.059136,105.0,0.0,0.0,1.0,0.3231037542453263
0.048016,104.5,0.0,0.0,1.0,0.2623469606304719
0.048368,104.5,0.0,0.0,1.0,0.2642701972628846
0.052376,104.5,0.0,0.0,1.0,0.2861688689183105
0.049408,104.5,0.0,0.0,1.0,0.2699524873131947
0.058296,105.0,0.0,0.0,1.0,0.31851421228161425
0.05564,104.5,0.0,0.0,1.0,0.30400251769159153
0.06244,104.0,0.0,0.0,1.0,0.3411559526359269
0.064456,104.5,0.0,0.0,1.0,0.35217085334883574
0.051528,104.5,0.0,0.0,1.0,0.28153561703113456
0.066808,104.0,0.0,0.0,1.0,0.36502157084722947
0.054672,105.0,0.0,0.0,1.0,0.2987136169524567
0.05132,104.5,0.0,0.0,1.0,0.28039915902107254
0.038376,105.0,0.0,0.0,1.0,0.2096765028564435
0.043632,104.5,0.0,0.0,1.0,0.23839392257224154
0.048936,105.0,0.0,0.0,1.0,0.2673736018288232
0.047312,104.5,0.0,0.0,1.0,0.2585004873656466
0.042824,104.5,0.0,0.0,1.0,0.23397922030238524
0.051248,104.5,0.0,0.0,1.0,0.2800057697098972
0.049872,104.5,0.0,0.0,1.0,0.2724876628741023
0.056952,104.5,0.0,0.0,1.0,0.311170945139675
0.057168,105.0,0.0,0.0,1.0,0.31235111307320096
0.06868,104.0,0.0,0.0,1.0,0.37524969293778765
0.0552,104.0,0.0,0.0,1.0,0.3015984719010757
0.054448,104.0,0.0,0.0,1.0,0.29748973909546683
0.050176,105.0,0.0,0.0,1.0,0.2741486399657314
0.060536,104.5,0.0,0.0,1.0,0.330752990851513
0.05692,104.0,0.0,0.0,1.0,0.31099610544581935
0.072584,104.0,0.0,0.0,1.0,0.3965801355881825
0.061304,104.5,0.0,0.0,1.0,0.3349491435040497
0.077968,104.0,0.0,0.0,1.0,0.4259969140794034
0.078728,104.5,0.0,0.0,1.0,0.4301493568084762
0.102384,105.0,0.0,0.0,1.0,0.5593996004912996
0.079456,104.5,0.0,0.0,1.0,0.43412695984369326
0.085576,104.5,0.0,0.0,1.0,0.46756505129359516
0.116288,104.0,0.0,0.0,1.0,0.6353674474715995
0.088136,104.5,0.0,0.0,1.0,0.48155222680205084
0.082648,104.5,0.0,0.0,1.0,0.45156721930579896
0.10932,104.0,0.0,0.0,1.0,0.5972961041345216
0.090776,104.0,0.0,0.0,1.0,0.4959765015451457
0.103192,104.0,0.0,0.0,1.0,0.5638143027611558
0.101048,104.5,0.0,0.0,1.0,0.5521000432728241
0.101016,104.5,0.0,0.0,1.0,0.5519252035789685
0.115088,104.5,0.0,0.0,1.0,0.6288109589520108
0.101152,105.0,0.0,0.0,1.0,0.5526682722778552
0.089104,105.0,0.0,0.0,1.0,0.48684112754118564
0.094568,104.5,0.0,0.0,1.0,0.5166950052670457
0.059152,104.5,0.0,0.0,1.0,0.3231911740922542
0.046728,105.0,0.0,0.0,1.0,0.2553096629527801
0.061216,104.5,0.0,0.0,1.0,0.3344683343459465
0.055696,104.5,0.0,0.0,1.0,0.30430848715583897
0.049864,104.0,0.0,0.0,1.0,0.27244395295063834
0.047264,104.5,0.0,0.0,1.0,0.25823822782486305
0.064304,105.0,0.0,0.0,1.0,0.3513403648030212
0.062592,105.0,0.0,0.0,1.0,0.34198644118174143
0.062264,105.0,0.0,0.0,1.0,0.34019433431972057
0.053016,104.5,0.0,0.0,1.0,0.28966566279542444
0.06544,104.0,0.0,0.0,1.0,0.3575471739348984
0.050184,105.0,0.0,0.0,1.0,0.27419234988919533
0.055936,104.5,0.0,0.0,1.0,0.30561978485975666
0.060128,104.5,0.0,0.0,1.0,0.3285237847548529
0.055584,104.0,0.0,0.0,1.0,0.30369654822734404
0.059752,104.5,0.0,0.0,1.0,0.32646941835204846
0.070544,104.5,0.0,0.0,1.0,0.3854341051048819
0.104016,104.5,0.0,0.0,1.0,0.56831642487794
0.077976,104.5,0.0,0.0,1.0,0.42604062400286735
0.085784,105.0,0.0,0.0,1.0,0.46870150930365717
0.090576,105.0,0.0,0.0,1.0,0.4948837534585477
0.089064,104.5,0.0,0.0,1.0,0.48662257792386604
0.094648,104.0,0.0,0.0,1.0,0.517132104501685
0.094104,104.0,0.0,0.0,1.0,0.514159829706138
0.088568,104.5,0.0,0.0,1.0,0.4839125626691027
0.105464,105.0,0.0,0.0,1.0,0.5762279210249103
0.113344,105.0,0.0,0.0,1.0,0.6192821956368754
0.124528,105.0,0.0,0.0,1.0,0.6803886686394411
0.106992,104.5,0.0,0.0,1.0,0.5845765164065198
0.110752,104.5,0.0,0.0,1.0,0.6051201804345641
0.121928,104.5,0.0,0.0,1.0,0.6661829435136658
0.105544,104.5,0.0,0.0,1.0,0.5766650202595495
0.106304,104.0,0.0,0.0,1.0,0.5808174629886222
0.109128,104.0,0.0,0.0,1.0,0.5962470659713874
0.113192,104.5,0.0,0.0,1.0,0.6184517070910608
0.105688,104.5,0.0,0.0,1.0,0.5774517988819001
0.108648,104.5,0.0,0.0,1.0,0.5936244705635519
0.105464,105.0,0.0,0.0,1.0,0.5762279210249103
0.1026,105.0,0.0,0.0,1.0,0.5605797684248254
0.147976,104.0,0.0,0.0,1.0,0.8085024543122025
0.115776,104.0,0.0,0.0,1.0,0.6325700123699083
0.11828,104.5,0.0,0.0,1.0,0.6462512184141165
0.132112,104.5,0.0,0.0,1.0,0.7218256760832411
0.137336,104.5,0.0,0.0,1.0,0.7503682561051835
0.118432,104.0,0.0,0.0,1.0,0.6470817069599311
0.127816,104.0,0.0,0.0,1.0,0.698353447183114
0.114256,104.5,0.0,0.0,1.0,0.6242651269117627
0.128,104.5,0.0,0.0,1.0,0.6993587754227842
0.160264,104.5,0.0,0.0,1.0,0.8756408967527897
0.121904,104.5,0.0,0.0,1.0,0.666051813743274
0.123824,104.0,0.0,0.0,1.0,0.6765421953746159
0.133872,104.5,0.0,0.0,1.0,0.7314418592453044
0.133616,104.5,0.0,0.0,1.0,0.7300431416944589
0.14232,104.0,0.0,0.0,1.0,0.7775995384232082
0.14856,104.5,0.0,0.0,1.0,0.8116932787250689
0.13576,104.0,0.0,0.0,1.0,0.7417574011827904
0.143528,104.5,0.0,0.0,1.0,0.7841997368662607
0.137176,105.0,0.0,0.0,1.0,0.7494940576359049
0.17308,104.0,0.0,0.0,1.0,0.9456641941419961
0.133544,104.0,0.0,0.0,1.0,0.7296497523832834
0.14148,104.5,0.0,0.0,1.0,0.7730099964594961
0.123008,104.5,0.0,0.0,1.0,0.6720837831812956
0.123344,104.5,0.0,0.0,1.0,0.6739195999667804
0.129056,104.5,0.0,0.0,1.0,0.7051284853200221
0.111368,104.0,0.0,0.0,1.0,0.6084858445412862
0.131136,105.0,0.0,0.0,1.0,0.7164930654206424
0.126232,104.0,0.0,0.0,1.0,0.6896988823372571
0.119048,104.0,0.0,0.0,1.0,0.6504473710666532
0.114608,104.5,0.0,0.0,1.0,0.6261883635441754
0.127416,104.5,0.0,0.0,1.0,0.6961679510099177
0.10584,105.0,0.0,0.0,1.0,0.5782822874277147
0.12292,105.0,0.0,0.0,1.0,0.6716029740231925
0.117096,104.0,0.0,0.0,1.0,0.6397821497414558
0.123224,104.5,0.0,0.0,1.0,0.6732639511148215
0.134376,104.0,0.0,0.0,1.0,0.7341955844235316
0.141032,104.0,0.0,0.0,1.0,0.7705622407455164
0.147688,104.0,0.0,0.0,1.0,0.8069288970675013
0.146208,105.0,0.0,0.0,1.0,0.7988425612266753
0.164144,104.0,0.0,0.0,1.0,0.8968402096327929
0.136384,105.0,0.0,0.0,1.0,0.7451667752129766
0.141392,104.5,0.0,0.0,1.0,0.7725291873013929
0.136584,104.5,0.0,0.0,1.0,0.7462595232995747
0.130896,104.0,0.0,0.0,1.0,0.7151817677167247
0.163976,104.5,0.0,0.0,1.0,0.8959223012400506
0.151544,104.5,0.0,0.0,1.0,0.8279970801771126
0.137,104.5,0.0,0.0,1.0,0.7485324393196987
0.185552,104.5,0.0,0.0,1.0,1.0
0.164432,105.0,0.0,0.0,1.0,0.8984137668774941
0.154736,104.0,0.0,0.0,1.0,0.8454373396392183
0.137424,104.0,0.0,0.0,1.0,0.7508490652632867
0.165328,104.5,0.0,0.0,1.0,0.9033092783054536
0.156616,104.5,0.0,0.0,1.0,0.8557091716532403
0.161408,105.0,0.0,0.0,1.0,0.8818914158081308
0.115832,104.5,0.0,0.0,1.0,0.6328759818341558
0.126152,104.5,0.0,0.0,1.0,0.6892617831026177
0.123224,104.5,0.0,0.0,1.0,0.6732639511148215
0.13824,105.0,0.0,0.0,1.0,0.7553074774566069
0.131072,105.0,0.0,0.0,1.0,0.7161433860329309
0.119648,104.5,0.0,0.0,1.0,0.6537256153264476
0.143584,104.5,0.0,0.0,1.0,0.7845057063305081
0.151856,104.0,0.0,0.0,1.0,0.8297017671922056
0.173904,104.5,0.0,0.0,1.0,0.9501663162587801
0.137752,105.0,0.0,0.0,1.0,0.7526411721253076
0.152224,105.0,0.0,0.0,1.0,0.8317124236715461
0.12228,105.0,0.0,0.0,1.0,0.6681061801460785
0.12688,105.0,0.0,0.0,1.0,0.6932393861378348
0.121408,104.5,0.0,0.0,1.0,0.6633417984885108
0.13256,104.5,0.0,0.0,1.0,0.7242734317972209
0.181272,104.5,0.0,0.0,1.0,0.9904231557690542
0.159112,104.5,0.0,0.0,1.0,0.8693466677739847
0.144808,105.0,0.0,0.0,1.0,0.7911933246204885
0.135504,104.5,0.0,0.0,1.0,0.740358683631945
0.11404,104.5,0.0,0.0,1.0,0.6230849589782368
0.13844,104.5,0.0,0.0,1.0,0.7564002255432051
0.133264,104.5,0.0,0.0,1.0,0.7281199050620462
0.12192,104.5,0.0,0.0,1.0,0.6661392335902019
0.129936,105.0,0.0,0.0,1.0,0.7099365769010537
0.127688,105.0,0.0,0.0,1.0,0.6976540884076912
0.109168,104.0,0.0,0.0,1.0,0.596465615588707
0.141544,105.0,0.0,0.0,1.0,0.7733596758472076
0.14972,104.5,0.0,0.0,1.0,0.8180312176273378
0.134768,104.5,0.0,0.0,1.0,0.7363373706732639
0.127584,104.5,0.0,0.0,1.0,0.6970858594026601
0.120888,104.5,0.0,0.0,1.0,0.6605006534633557
0.118208,104.5,0.0,0.0,1.0,0.6458578291029412
0.105736,105.0,0.0,0.0,1.0,0.5777140584226836
0.11984,104.0,0.0,0.0,1.0,0.6547746534895817
0.119056,105.0,0.0,0.0,1.0,0.6504910809901171
0.140736,105.0,0.0,0.0,1.0,0.7689449735773513
0.143336,105.0,0.0,0.0,1.0,0.7831506987031265
0.105672,104.5,0.0,0.0,1.0,0.5773643790349723
0.124808,104.5,0.0,0.0,1.0,0.6819185159606785
0.14284,104.0,0.0,0.0,1.0,0.7804406834483631
0.102152,104.0,0.0,0.0,1.0,0.5581320127108458
0.128488,104.0,0.0,0.0,1.0,0.7020250807540835
0.129112,105.0,0.0,0.0,1.0,0.7054344547842697
0.110312,104.0,0.0,0.0,1.0,0.6027161346440482
0.130456,104.5,0.0,0.0,1.0,0.7127777219262088
0.14084,104.0,0.0,0.0,1.0,0.7695132025823822
0.12904,105.0,0.0,0.0,1.0,0.7050410654730942
0.11932,104.5,0.0,0.0,1.0,0.6519335084644265
0.129456,105.0,0.0,0.0,1.0,0.7073139814932182
0.118904,105.0,0.0,0.0,1.0,0.6496605924443025
0.151712,104.5,0.0,0.0,1.0,0.828914988569855
0.120272,104.5,0.0,0.0,1.0,0.6571349893566336
0.121272,104.5,0.0,0.0,1.0,0.6625987297896241
0.115712,105.0,0.0,0.0,1.0,0.6322203329821968
0.12232,104.5,0.0,0.0,1.0,0.6683247297633981
0.111904,104.5,0.0,0.0,1.0,0.6114144094133691
0.106328,104.5,0.0,0.0,1.0,0.5809485927590141
0.121128,104.0,0.0,0.0,1.0,0.6618119511672734
0.09848,105.0,0.0,0.0,1.0,0.5380691578409046
0.10216,104.5,0.0,0.0,1.0,0.5581757226343096
0.109592,105.0,0.0,0.0,1.0,0.598782241532295
0.119224,105.0,0.0,0.0,1.0,0.6514089893828595
0.105888,104.5,0.0,0.0,1.0,0.5785445469684982
0.128224,105.0,0.0,0.0,1.0,0.7005826532797741
0.114384,104.5,0.0,0.0,1.0,0.6249644856871855
0.12272,104.5,0.0,0.0,1.0,0.6705102259365943
0.138784,105.0,0.0,0.0,1.0,0.7582797522521537
0.1258,104.5,0.0,0.0,1.0,0.6873385464702051
0.141824,105.0,0.0,0.0,1.0,0.774889523168445
0.138728,104.5,0.0,0.0,1.0,0.7579737827879062
0.147176,104.0,0.0,0.0,1.0,0.8041314619658101
0.126968,104.0,0.0,0.0,1.0,0.693720195295938
0.11884,104.0,0.0,0.0,1.0,0.6493109130565912
0.108368,104.5,0.0,0.0,1.0,0.5920946232423147
0.112192,104.0,0.0,0.0,1.0,0.6129879666580703
0.147744,104.5,0.0,0.0,1.0,0.8072348665317486
0.12936,104.5,0.0,0.0,1.0,0.7067894624116513
0.109376,104.5,0.0,0.0,1.0,0.597602073598769
0.129904,105.0,0.0,0.0,1.0,0.709761737207198
0.119984,104.5,0.0,0.0,1.0,0.6555614321119323
0.118496,104.5,0.0,0.0,1.0,0.6474313863476425
0.13188,104.5,0.0,0.0,1.0,0.7205580883027873
0.142896,105.0,0.0,0.0,1.0,0.7807466529126107
0.142584,104.5,0.0,0.0,1.0,0.7790419658975176
0.159128,104.5,0.0,0.0,1.0,0.8694340876209125
0.158808,105.0,0.0,0.0,1.0,0.8676856906823556
0.151888,105.0,0.0,0.0,1.0,0.8298766068860612
0.137528,105.0,0.0,0.0,1.0,0.7514172942683177
0.119064,105.0,0.0,0.0,1.0,0.650534790913581
0.119992,104.0,0.0,0.0,1.0,0.6556051420353962
0.127344,105.0,0.0,0.0,1.0,0.6957745616987425
0.115264,104.5,0.0,0.0,1.0,0.6297725772682172
0.127288,104.5,0.0,0.0,1.0,0.695468592234495
0.131624,104.5,0.0,0.0,1.0,0.7191593707519417
0.128912,104.5,0.0,0.0,1.0,0.7043417066976715
0.12408,104.0,0.0,0.0,1.0,0.6779409129254614
0.12884,104.0,0.0,0.0,1.0,0.7039483173864962
0.125816,104.5,0.0,0.0,1.0,0.6874259663171329
0.120168,104.5,0.0,0.0,1.0,0.6565667603516026
0.11808,104.5,0.0,0.0,1.0,0.6451584703275184
0.129144,104.5,0.0,0.0,1.0,0.7056092944781254
0.129464,105.0,0.0,0.0,1.0,0.7073576914166823
0.120632,104.0,0.0,0.0,1.0,0.6591019359125102
0.122776,104.5,0.0,0.0,1.0,0.6708161954008418
0.113616,105.0,0.0,0.0,1.0,0.6207683330346487
0.130024,105.0,0.0,0.0,1.0,0.7104173860591569
0.13324,104.0,0.0,0.0,1.0,0.7279887752916544
0.136968,104.0,0.0,0.0,1.0,0.748357599625843
0.137952,104.5,0.0,0.0,1.0,0.7537339202119056
0.128072,105.0,0.0,0.0,1.0,0.6997521647339594
0.144752,104.5,0.0,0.0,1.0,0.790887355156241
0.13804,105.0,0.0,0.0,1.0,0.7542147293700088
0.136296,104.5,0.0,0.0,1.0,0.7446859660548734
0.138648,104.5,0.0,0.0,1.0,0.757536683553267
0.130328,105.0,0.0,0.0,1.0,0.7120783631507861
0.118136,104.5,0.0,0.0,1.0,0.6454644397917659
0.1426,104.5,0.0,0.0,1.0,0.7791293857444456
0.13036,104.5,0.0,0.0,1.0,0.7122532028446418
0.117928,104.0,0.0,0.0,1.0,0.6443279817817039
0.119496,104.0,0.0,0.0,1.0,0.652895126780633
0.094496,104.0,0.0,0.0,1.0,0.5163016159558704
0.098216,104.5,0.0,0.0,1.0,0.536626730366595
0.10936,104.5,0.0,0.0,1.0,0.5975146537518412
0.120592,104.0,0.0,0.0,1.0,0.6588833862951906
0.133408,104.5,0.0,0.0,1.0,0.7289066836843968
0.136744,104.5,0.0,0.0,1.0,0.7471337217688532
0.168152,105.0,0.0,0.0,1.0,0.9187388812882188
0.2058,104.5,0.0,0.0,1.0,1.0
0.18036,105.0,0.0,0.0,1.0,0.9854402244941668
0.189352,104.5,0.0,0.0,1.0,1.0
0.182728,104.5,0.0,0.0,1.0,0.9983783618394884
0.196488,104.5,0.0,0.0,1.0,1.0
0.156288,104.5,0.0,0.0,1.0,0.8539170647912195
0.13536,104.5,0.0,0.0,1.0,0.7395719050095944
0.138384,104.5,0.0,0.0,1.0,0.7560942560789575
0.154848,104.5,0.0,0.0,1.0,0.8460492785677133
0.122512,105.0,0.0,0.0,1.0,0.6693737679265322
0.109824,105.0,0.0,0.0,1.0,0.6000498293127489
0.10608,104.5,0.0,0.0,1.0,0.5795935851316324
0.116592,104.5,0.0,0.0,1.0,0.6370284245632285
0.12108,104.5,0.0,0.0,1.0,0.6615496916264899
0.139952,104.0,0.0,0.0,1.0,0.7646614010778866
0.12632,104.5,0.0,0.0,1.0,0.6901796914953601
0.133608,104.5,0.0,0.0,1.0,0.7299994317709949
0.119288,104.5,0.0,0.0,1.0,0.651758668770571
0.126672,104.5,0.0,0.0,1.0,0.6921029281277729
0.11416,104.5,0.0,0.0,1.0,0.6237406078301956
0.138544,104.5,0.0,0.0,1.0,0.756968454548236
0.138184,104.5,0.0,0.0,1.0,0.7550015079923594
0.118736,104.5,0.0,0.0,1.0,0.6487426840515601
0.105368,105.0,0.0,0.0,1.0,0.5757034019433431
0.11208,105.0,0.0,0.0,1.0,0.6123760277295753
0.109848,104.5,0.0,0.0,1.0,0.6001809590831406
0.116808,104.5,0.0,0.0,1.0,0.6382085924967544
0.102736,104.5,0.0,0.0,1.0,0.5613228371237121
0.107968,104.0,0.0,0.0,1.0,0.5899091270691185
0.109992,104.5,0.0,0.0,1.0,0.6009677377054913
0.127712,104.5,0.0,0.0,1.0,0.6977852181780829
0.117304,105.0,0.0,0.0,1.0,0.6409186077515178
0.125248,104.5,0.0,0.0,1.0,0.6843225617511943
0.126752,104.0,0.0,0.0,1.0,0.692540027362412
0.119536,104.0,0.0,0.0,1.0,0.6531136763979526
0.121584,104.5,0.0,0.0,1.0,0.6643034168047172
0.132896,104.5,0.0,0.0,1.0,0.7261092485827056
0.119488,104.5,0.0,0.0,1.0,0.652851416857169
0.134904,104.5,0.0,0.0,1.0,0.7370804393721506
0.125592,104.0,0.0,0.0,1.0,0.6862020884601431
0.15068,104.5,0.0,0.0,1.0,0.8232764084430088
0.129952,104.5,0.0,0.0,1.0,0.7100239967479817
0.152784,104.0,0.0,0.0,1.0,0.8347721183140208
0.150208,104.0,0.0,0.0,1.0,0.8206975229586373
0.15592,104.5,0.0,0.0,1.0,0.851906408311879
0.144408,104.5,0.0,0.0,1.0,0.7890078284472923
0.138344,104.5,0.0,0.0,1.0,0.7558757064616379
0.134112,104.5,0.0,0.0,1.0,0.7327531569492222
0.125888,105.0,0.0,0.0,1.0,0.6878193556283082
0.127056,104.5,0.0,0.0,1.0,0.6942010044540412
0.112152,104.5,0.0,0.0,1.0,0.6127694170407507
0.127032,104.0,0.0,0.0,1.0,0.6940698746836494
0.130416,105.0,0.0,0.0,1.0,0.7125591723088892
0.11208,104.5,0.0,0.0,1.0,0.6123760277295753
0.127128,104.5,0.0,0.0,1.0,0.6945943937652164
0.136552,104.5,0.0,0.0,1.0,0.746084683605719
0.142872,104.5,0.0,0.0,1.0,0.7806155231422189
0.185624,105.0,0.0,0.0,1.0,1.0
0.181352,104.0,0.0,0.0,1.0,0.9908602550036935
0.213344,104.0,0.0,0.0,1.0,1.0
0.194264,104.0,0.0,0.0,1.0,1.0
0.198264,104.5,0.0,0.0,1.0,1.0
0.190288,104.0,0.0,0.0,1.0,1.0
0.14872,105.0,0.0,0.0,1.0,0.8125674771943473
0.153216,105.0,0.0,0.0,1.0,0.8371324541810726
0.149608,104.5,0.0,0.0,1.0,0.8174192786988429
0.144616,104.0,0.0,0.0,1.0,0.7901442864573544
0.134976,104.5,0.0,0.0,1.0,0.737473828683326
0.152568,104.5,0.0,0.0,1.0,0.8335919503804948
0.132408,105.0,0.0,0.0,1.0,0.7234429432514063
0.116712,104.5,0.0,0.0,1.0,0.6376840734151874
0.142232,104.5,0.0,0.0,1.0,0.777118729265105
0.124496,104.5,0.0,0.0,1.0,0.6802138289455855
0.129136,104.0,0.0,0.0,1.0,0.7055655845546613
0.127336,104.5,0.0,0.0,1.0,0.6957308517752785
0.128032,104.5,0.0,0.0,1.0,0.6995336151166399
0.131632,104.5,0.0,0.0,1.0,0.7192030806754057
0.126704,104.5,0.0,0.0,1.0,0.6922777678216285
0.109096,104.5,0.0,0.0,1.0,0.5960722262775318
0.099728,105.0,0.0,0.0,1.0,0.5448879059012767
0.137768,104.0,0.0,0.0,1.0,0.7527285919722354
0.132504,104.5,0.0,0.0,1.0,0.7239674623329735
0.13192,104.5,0.0,0.0,1.0,0.720776637920107
0.130704,104.5,0.0,0.0,1.0,0.7141327295535904
0.154504,104.0,0.0,0.0,1.0,0.8441697518587644
0.128944,104.5,0.0,0.0,1.0,0.7045165463915273
0.124184,104.5,0.0,0.0,1.0,0.6785091419304924
0.121968,105.0,0.0,0.0,1.0,0.6664014931309854
0.112096,105.0,0.0,0.0,1.0,0.6124634475765033
0.09744,105.0,0.0,0.0,1.0,0.5323868677905944
0.092632,104.5,0.0,0.0,1.0,0.5061172037887761
0.104368,104.0,0.0,0.0,1.0,0.5702396615103527
0.117144,104.5,0.0,0.0,1.0,0.6400444092822393
0.115848,104.5,0.0,0.0,1.0,0.6329634016810837
0.111176,104.5,0.0,0.0,1.0,0.607436806378152
0.103584,104.0,0.0,0.0,1.0,0.5659560890108881
0.108264,105.0,0.0,0.0,1.0,0.5915263942372836
0.108024,104.5,0.0,0.0,1.0,0.5902150965333659
0.111088,104.0,0.0,0.0,1.0,0.6069559972200489
0.108696,104.5,0.0,0.0,1.0,0.5938867301043356
0.105008,104.5,0.0,0.0,1.0,0.5737364553874665
0.113176,104.0,0.0,0.0,1.0,0.618364287244133
0.108736,104.5,0.0,0.0,1.0,0.5941052797216552
0.108,105.0,0.0,0.0,1.0,0.5900839667629741
0.109528,104.5,0.0,0.0,1.0,0.5984325621445836
0.111552,104.5,0.0,0.0,1.0,0.6094911727809564
0.107568,104.5,0.0,0.0,1.0,0.5877236308959223
0.144512,104.5,0.0,0.0,1.0,0.7895760574523234
0.114952,104.0,0.0,0.0,1.0,0.6280678902531242
0.109472,104.5,0.0,0.0,1.0,0.5981265926803362
0.106888,105.0,0.0,0.0,1.0,0.5840082874014887
0.09172,105.0,0.0,0.0,1.0,0.5011342725138888
0.098784,105.0,0.0,0.0,1.0,0.5397301349325336
0.094464,104.5,0.0,0.0,1.0,0.5161267762620148
0.097528,104.5,0.0,0.0,1.0,0.5328676769486976
0.095096,104.5,0.0,0.0,1.0,0.5195798602156647
0.139824,104.5,0.0,0.0,1.0,0.7639620423024639
0.17416,104.0,0.0,0.0,1.0,0.9515650338096258
0.185216,105.0,0.0,0.0,1.0,1.0
0.154584,104.5,0.0,0.0,1.0,0.8446068510934036
0.16092,104.5,0.0,0.0,1.0,0.8792251104768315
0.120856,104.0,0.0,0.0,1.0,0.6603258137695001
0.106048,104.0,0.0,0.0,1.0,0.5794187454377767
0.108104,104.0,0.0,0.0,1.0,0.5906521957680052
0.103328,104.5,0.0,0.0,1.0,0.5645573714600426
0.103528,104.0,0.0,0.0,1.0,0.5656501195466406
0.124104,104.5,0.0,0.0,1.0,0.6780720426958532
0.135368,104.5,0.0,0.0,1.0,0.7396156149330582
0.156584,104.5,0.0,0.0,1.0,0.8555343319593847
0.192872,105.0,0.0,0.0,1.0,1.0
0.187096,104.0,0.0,0.0,1.0,1.0
0.189032,105.0,0.0,0.0,1.0,1.0
0.178824,104.0,0.0,0.0,1.0,0.9770479191890935
0.175168,105.0,0.0,0.0,1.0,0.95707248416608
0.156064,104.0,0.0,0.0,1.0,0.8526931869342297
0.168496,104.5,0.0,0.0,1.0,0.9206184079971675
0.147408,105.0,0.0,0.0,1.0,0.8053990497462639
0.166216,104.5,0.0,0.0,1.0,0.9081610798099492
0.147832,104.5,0.0,0.0,1.0,0.8077156756898517
0.167088,104.5,0.0,0.0,1.0,0.9129254614675169
0.152664,105.0,0.0,0.0,1.0,0.8341164694620619
0.148008,105.0,0.0,0.0,1.0,0.8086772940060581
0.143672,104.0,0.0,0.0,1.0,0.7849865154886113
0.178984,104.5,0.0,0.0,1.0,0.9779221176583719
0.1664,104.5,0.0,0.0,1.0,0.9091664080496193
0.152504,105.0,0.0,0.0,1.0,0.8332422709927835
0.149144,105.0,0.0,0.0,1.0,0.8148841031379354
0.133224,104.5,0.0,0.0,1.0,0.7279013554447266
0.150664,104.0,0.0,0.0,1.0,0.8231889885960808
0.107232,104.5,0.0,0.0,1.0,0.5858878141104374
0.1314,104.5,0.0,0.0,1.0,0.7179354928949518
0.117152,104.5,0.0,0.0,1.0,0.6400881192057033
0.108,104.5,0.0,0.0,1.0,0.5900839667629741
0.13932,104.5,0.0,0.0,1.0,0.7612083171242366
0.12528,104.0,0.0,0.0,1.0,0.68449740144505
0.16292,104.5,0.0,0.0,1.0,0.8901525913428125
0.13656,105.0,0.0,0.0,1.0,0.7461283935291828
0.177616,104.5,0.0,0.0,1.0,0.9704477207460409
0.138,104.5,0.0,0.0,1.0,0.7539961797526893
0.146504,105.0,0.0,0.0,1.0,0.8004598283948404
0.137432,105.0,0.0,0.0,1.0,0.7508927751867506
0.13408,104.5,0.0,0.0,1.0,0.7325783172553665
0.121424,105.0,0.0,0.0,1.0,0.6634292183354387
0.148424,104.0,0.0,0.0,1.0,0.8109502100261822
0.130952,105.0,0.0,0.0,1.0,0.7154877371809722
0.124968,104.5,0.0,0.0,1.0,0.6827927144299569
0.127384,104.5,0.0,0.0,1.0,0.695993111316062
0.151992,105.0,0.0,0.0,1.0,0.8304448358910922
0.140112,104.5,0.0,0.0,1.0,0.7655355995471651
0.114216,104.5,0.0,0.0,1.0,0.6240465772944431
0.10816,104.5,0.0,0.0,1.0,0.5909581652322526
0.127936,104.0,0.0,0.0,1.0,0.6990090960350728
0.120928,104.5,0.0,0.0,1.0,0.6607192030806753
0.1152,105.0,0.0,0.0,1.0,0.6294228978805058
0.106752,104.5,0.0,0.0,1.0,0.583265218702602
0.117632,105.0,0.0,0.0,1.0,0.6427107146135387
0.111896,105.0,0.0,0.0,1.0,0.6113706994899051
0.101912,104.0,0.0,0.0,1.0,0.556820715006928
0.106688,104.0,0.0,0.0,1.0,0.5829155393148906
0.107944,104.0,0.0,0.0,1.0,0.5897779972987267
0.141512,104.5,0.0,0.0,1.0,0.7731848361533519
0.118792,104.5,0.0,0.0,1.0,0.6490486535158076
0.128144,104.5,0.0,0.0,1.0,0.7001455540451349
0.104328,105.0,0.0,0.0,1.0,0.5700211118930331
0.136816,105.0,0.0,0.0,1.0,0.7475271110800285
0.125016,105.0,0.0,0.0,1.0,0.6830549739707404
0.115552,104.0,0.0,0.0,1.0,0.6313461345129184
0.132424,104.5,0.0,0.0,1.0,0.7235303630983341
0.154328,104.5,0.0,0.0,1.0,0.8432081335425581
0.111336,105.0,0.0,0.0,1.0,0.6083110048474305
0.14544,105.0,0.0,0.0,1.0,0.7946464085741386
0.16444,104.5,0.0,0.0,1.0,0.8984574768009581
0.144144,105.0,0.0,0.0,1.0,0.7875654009729828
0.141728,104.5,0.0,0.0,1.0,0.7743650040868777
0.132936,105.0,0.0,0.0,1.0,0.7263277982000252
0.140808,104.5,0.0,0.0,1.0,0.7693383628885264
0.123168,104.5,0.0,0.0,1.0,0.6729579816505741
0.130104,104.5,0.0,0.0,1.0,0.7108544852937961
0.138664,105.0,0.0,0.0,1.0,0.7576241034001949
0.126088,104.0,0.0,0.0,1.0,0.6889121037149064
0.12184,104.5,0.0,0.0,1.0,0.6657021343555627
0.097568,104.5,0.0,0.0,1.0,0.5330862265660172
0.115416,104.5,0.0,0.0,1.0,0.6306030658140317
0.12264,104.5,0.0,0.0,1.0,0.6700731267019551
0.153112,105.0,0.0,0.0,1.0,0.8365642251760417
0.133456,105.0,0.0,0.0,1.0,0.7291689432251803
0.10268,104.0,0.0,0.0,1.0,0.5610168676594647
0.137672,105.0,0.0,0.0,1.0,0.7522040728906683
0.15812,105.0,0.0,0.0,1.0,0.8639266372644582
0.140584,104.5,0.0,0.0,1.0,0.7681144850315366
0.152888,104.5,0.0,0.0,1.0,0.8353403473190517
0.103904,104.5,0.0,0.0,1.0,0.567704485949445
0.148872,104.5,0.0,0.0,1.0,0.813397965740162
0.115848,105.0,0.0,0.0,1.0,0.6329634016810837
0.137472,105.0,0.0,0.0,1.0,0.7511113248040703
0.091664,104.0,0.0,0.0,1.0,0.5008283030496413
0.093032,104.5,0.0,0.0,1.0,0.5083026999619723
0.106992,104.0,0.0,0.0,1.0,0.5845765164065198
0.099336,104.0,0.0,0.0,1.0,0.5427461196515444
0.127184,104.5,0.0,0.0,1.0,0.6949003632294639
0.115472,105.0,0.0,0.0,1.0,0.6309090352782792
0.126768,105.0,0.0,0.0,1.0,0.6926274472093399
0.138256,105.0,0.0,0.0,1.0,0.7553948973035347
0.136912,104.5,0.0,0.0,1.0,0.7480516301615956
0.121856,105.0,0.0,0.0,1.0,0.6657895542024905
0.147128,104.0,0.0,0.0,1.0,0.8038692024250266
0.120896,105.0,0.0,0.0,1.0,0.6605443633868197
0.134552,104.5,0.0,0.0,1.0,0.735157202739738
0.132352,104.5,0.0,0.0,1.0,0.7231369737871588
0.111416,104.5,0.0,0.0,1.0,0.6087481040820697
0.107048,104.5,0.0,0.0,1.0,0.5848824858707672
0.136368,104.5,0.0,0.0,1.0,0.7450793553660486
0.135512,104.5,0.0,0.0,1.0,0.7404023935554088
0.13536,104.5,0.0,0.0,1.0,0.7395719050095944
0.118544,104.5,0.0,0.0,1.0,0.6476936458884259
0.115512,104.5,0.0,0.0,1.0,0.6311275848955988
0.106432,105.0,0.0,0.0,1.0,0.5815168217640451
0.124328,104.5,0.0,0.0,1.0,0.679295920552843
0.121856,104.0,0.0,0.0,1.0,0.6657895542024905
0.119384,104.0,0.0,0.0,1.0,0.652283187852138
0.12492,104.5,0.0,0.0,1.0,0.6825304548891734
0.16484,104.5,0.0,0.0,1.0,0.9006429729741542
0.150056,105.0,0.0,0.0,1.0,0.8198670344128226
0.14128,105.0,0.0,0.0,1.0,0.771917248372898
0.132776,104.5,0.0,0.0,1.0,0.7254535997307469
0.108976,104.5,0.0,0.0,1.0,0.5954165774255729
0.136728,104.0,0.0,0.0,1.0,0.7470463019219252
0.119784,104.5,0.0,0.0,1.0,0.6544686840253342
0.139936,104.5,0.0,0.0,1.0,0.7645739812309589
0.117032,104.5,0.0,0.0,1.0,0.6394324703537443
0.138552,105.0,0.0,0.0,1.0,0.7570121644716999
0.151568,104.5,0.0,0.0,1.0,0.8281282099475044
0.124928,104.5,0.0,0.0,1.0,0.6825741648126373
0.119032,104.5,0.0,0.0,1.0,0.6503599512197253
0.132048,104.0,0.0,0.0,1.0,0.7214759966955298
0.137248,104.5,0.0,0.0,1.0,0.7498874469470804
0.13636,104.0,0.0,0.0,1.0,0.7450356454425848
0.151256,105.0,0.0,0.0,1.0,0.8264235229324113
0.155776,104.5,0.0,0.0,1.0,0.8511196296895284
0.1394,104.5,0.0,0.0,1.0,0.7616454163588758
0.152152,105.0,0.0,0.0,1.0,0.8313190343603708
0.117928,105.0,0.0,0.0,1.0,0.6443279817817039
0.140856,104.5,0.0,0.0,1.0,0.7696006224293102
0.127592,104.0,0.0,0.0,1.0,0.6971295693261241
0.138056,104.5,0.0,0.0,1.0,0.7543021492169367
0.104904,104.5,0.0,0.0,1.0,0.5731682263824356
0.135888,104.5,0.0,0.0,1.0,0.7424567599582133
0.136296,105.0,0.0,0.0,1.0,0.7446859660548734
0.141096,105.0,0.0,0.0,1.0,0.7709119201332277
0.126448,104.5,0.0,0.0,1.0,0.6908790502707829
0.13936,104.5,0.0,0.0,1.0,0.7614268667415564
0.139952,104.5,0.0,0.0,1.0,0.7646614010778866
0.143344,104.5,0.0,0.0,1.0,0.7831944086265904
0.123344,104.5,0.0,0.0,1.0,0.6739195999667804
0.122576,105.0,0.0,0.0,1.0,0.6697234473142437
0.12128,104.5,0.0,0.0,1.0,0.662642439713088
0.131416,104.5,0.0,0.0,1.0,0.7180229127418798
0.11156,104.5,0.0,0.0,1.0,0.6095348827044204
0.120144,105.0,0.0,0.0,1.0,0.6564356305812108
0.138024,104.5,0.0,0.0,1.0,0.754127309523081
0.130736,105.0,0.0,0.0,1.0,0.7143075692474461
0.121144,104.5,0.0,0.0,1.0,0.6618993710142013
0.131168,104.5,0.0,0.0,1.0,0.7166679051144981
0.133712,104.5,0.0,0.0,1.0,0.7305676607760259
0.177152,104.5,0.0,0.0,1.0,0.9679125451851334
0.121104,105.0,0.0,0.0,1.0,0.6616808213968817
0.130792,105.0,0.0,0.0,1.0,0.7146135387116936
0.154632,104.5,0.0,0.0,1.0,0.8448691106341871
0.122064,104.5,0.0,0.0,1.0,0.6669260122125525
0.118384,104.5,0.0,0.0,1.0,0.6468194474191475
0.122624,104.5,0.0,0.0,1.0,0.6699857068550272
0.12804,105.0,0.0,0.0,1.0,0.6995773250401037
0.142608,104.0,0.0,0.0,1.0,0.7791730956679095
0.140624,104.5,0.0,0.0,1.0,0.7683330346488563
0.113688,104.5,0.0,0.0,1.0,0.6211617223458241
0.117584,104.0,0.0,0.0,1.0,0.642448455072755
0.11168,105.0,0.0,0.0,1.0,0.6101905315563793
0.150904,104.5,0.0,0.0,1.0,0.8245002862999987
0.190624,104.5,0.0,0.0,1.0,1.0
0.16268,105.0,0.0,0.0,1.0,0.8888412936388947
0.151904,104.5,0.0,0.0,1.0,0.8299640267329892
0.1716,104.0,0.0,0.0,1.0,0.93757785830117
0.154128,105.0,0.0,0.0,1.0,0.8421153854559599
0.147032,104.5,0.0,0.0,1.0,0.8033446833434594
0.136192,104.5,0.0,0.0,1.0,0.7441177370498424
0.15076,105.0,0.0,0.0,1.0,0.8237135076776481
0.150104,105.0,0.0,0.0,1.0,0.8201292939536061
0.159952,104.5,0.0,0.0,1.0,0.8739362097376967
0.210656,104.0,0.0,0.0,1.0,1.0
0.151088,104.5,0.0,0.0,1.0,0.8255056145396689
0.144968,104.0,0.0,0.0,1.0,0.792067523089767
0.12728,105.0,0.0,0.0,1.0,0.6954248823110311
0.126808,104.5,0.0,0.0,1.0,0.6928459968266595
0.144992,104.5,0.0,0.0,1.0,0.7921986528601588
0.13924,105.0,0.0,0.0,1.0,0.7607712178895975
0.159992,104.5,0.0,0.0,1.0,0.8741547593550163
0.146296,104.0,0.0,0.0,1.0,0.7993233703847784
0.113088,104.5,0.0,0.0,1.0,0.6178834780860298
0.127896,104.5,0.0,0.0,1.0,0.6987905464177532
0.10716,105.0,0.0,0.0,1.0,0.5854944247992622
0.0864,104.5,0.0,0.0,1.0,0.47206717341037935
0.081704,104.5,0.0,0.0,1.0,0.4464094483370559
0.084096,104.5,0.0,0.0,1.0,0.45947871545276925
0.10048,104.5,0.0,0.0,1.0,0.5489966387068855
0.110336,105.0,0.0,0.0,1.0,0.60284726441444
0.10872,104.5,0.0,0.0,1.0,0.5940178598747273
0.115296,104.5,0.0,0.0,1.0,0.6299474169620728
0.105904,104.5,0.0,0.0,1.0,0.5786319668154261
0.108792,104.5,0.0,0.0,1.0,0.5944112491859026
0.111376,105.0,0.0,0.0,1.0,0.6085295544647501
0.106072,104.5,0.0,0.0,1.0,0.5795498752081685
0.094152,104.5,0.0,0.0,1.0,0.5144220892469217
0.093872,104.5,0.0,0.0,1.0,0.5128922419256843
0.0976,105.0,0.0,0.0,1.0,0.533261066259873
0.11792,104.5,0.0,0.0,1.0,0.6442842718582399
0.104128,104.5,0.0,0.0,1.0,0.568928363806435
0.133488,104.0,0.0,0.0,1.0,0.729343782919036
0.12468,104.5,0.0,0.0,1.0,0.6812191571852557
0.139312,104.5,0.0,0.0,1.0,0.7611646072007727
0.137784,105.0,0.0,0.0,1.0,0.7528160118191631
0.140824,104.5,0.0,0.0,1.0,0.7694257827354544
0.1266,104.5,0.0,0.0,1.0,0.6917095388165975
0.131256,104.0,0.0,0.0,1.0,0.7171487142726013
0.13436,104.0,0.0,0.0,1.0,0.7341081645766038
0.11844,105.0,0.0,0.0,1.0,0.647125416883395
0.112696,105.0,0.0,0.0,1.0,0.6157416918362976
0.148888,104.5,0.0,0.0,1.0,0.8134853855870897
0.137328,105.0,0.0,0.0,1.0,0.7503245461817196
0.128216,104.5,0.0,0.0,1.0,0.7005389433563101
0.111168,104.5,0.0,0.0,1.0,0.6073930964546881
0.104568,104.5,0.0,0.0,1.0,0.5713324095969508
0.104936,104.5,0.0,0.0,1.0,0.5733430660762913
0.089616,104.5,0.0,0.0,1.0,0.48963856264287675
0.10716,105.0,0.0,0.0,1.0,0.5854944247992622
0.11184,104.5,0.0,0.0,1.0,0.6110647300256576
0.102304,104.0,0.0,0.0,1.0,0.5589625012566602
0.101984,104.5,0.0,0.0,1.0,0.5572141043181034
0.084392,104.0,0.0,0.0,1.0,0.4610959826209344
0.106624,104.0,0.0,0.0,1.0,0.5825658599271792
0.104088,105.0,0.0,0.0,1.0,0.5687098141891153
0.102016,105.0,0.0,0.0,1.0,0.5573889440119589
0.11268,104.5,0.0,0.0,1.0,0.6156542719893697
0.139576,104.0,0.0,0.0,1.0,0.7626070346750823
0.144984,104.5,0.0,0.0,1.0,0.7921549429366949
0.149288,104.0,0.0,0.0,1.0,0.815670881760286
0.144096,104.5,0.0,0.0,1.0,0.7873031414321993
0.138824,104.5,0.0,0.0,1.0,0.7584983018694734
0.12196,104.5,0.0,0.0,1.0,0.6663577832075216
0.172056,104.0,0.0,0.0,1.0,0.9400693239386136
0.133176,104.5,0.0,0.0,1.0,0.7276390959039429
0.145632,104.5,0.0,0.0,1.0,0.7956954467372728
0.132648,105.0,0.0,0.0,1.0,0.7247542409553239
0.133368,104.5,0.0,0.0,1.0,0.7286881340670771
0.13052,104.5,0.0,0.0,1.0,0.7131274013139203
0.132384,104.0,0.0,0.0,1.0,0.7233118134810146
0.12692,105.0,0.0,0.0,1.0,0.6934579357551545
0.12544,104.5,0.0,0.0,1.0,0.6853715999143285
0.142368,105.0,0.0,0.0,1.0,0.7778617979639917
0.148992,104.5,0.0,0.0,1.0,0.8140536145921209
0.122984,104.0,0.0,0.0,1.0,0.6719526534109038
0.140408,105.0,0.0,0.0,1.0,0.7671528667153303
0.143088,105.0,0.0,0.0,1.0,0.7817956910757449
0.133424,104.5,0.0,0.0,1.0,0.7289941035313245
0.177768,104.0,0.0,0.0,1.0,0.9712782092918555
0.211272,104.5,0.0,0.0,1.0,1.0
0.194856,104.5,0.0,0.0,1.0,1.0
0.16116,104.5,0.0,0.0,1.0,0.8805364081807492
0.15728,104.0,0.0,0.0,1.0,0.8593370953007461
0.156408,104.5,0.0,0.0,1.0,0.8545727136431783
0.131512,104.0,0.0,0.0,1.0,0.7185474318234467
0.133848,104.0,0.0,0.0,1.0,0.7313107294749126
0.116536,104.0,0.0,0.0,1.0,0.6367224550989811
0.133064,104.5,0.0,0.0,1.0,0.7270271569754481
0.137504,104.5,0.0,0.0,1.0,0.7512861644979258
0.148976,104.5,0.0,0.0,1.0,0.8139661947451929
0.190688,105.0,0.0,0.0,1.0,1.0
0.157872,104.5,0.0,0.0,1.0,0.8625716296370765
0.154328,104.0,0.0,0.0,1.0,0.8432081335425581
0.144576,104.0,0.0,0.0,1.0,0.7899257368400348
0.141048,104.0,0.0,0.0,1.0,0.7706496605924443
0.138568,105.0,0.0,0.0,1.0,0.7570995843186278
0.130016,105.0,0.0,0.0,1.0,0.710373676135693
0.13168,104.0,0.0,0.0,1.0,0.7194653402161891
0.143432,105.0,0.0,0.0,1.0,0.7836752177846936
0.141168,104.5,0.0,0.0,1.0,0.771305309444403
0.128544,105.0,0.0,0.0,1.0,0.702331050218331
0.172368,105.0,0.0,0.0,1.0,0.9417740109537067
0.1618,104.0,0.0,0.0,1.0,0.8840332020578631
0.1458,104.5,0.0,0.0,1.0,0.7966133551300152
0.17296,104.5,0.0,0.0,1.0,0.9450085452900371
0.218568,104.0,0.0,0.0,1.0,1.0
0.196392,105.0,0.0,0.0,1.0,1.0
0.205464,104.0,0.0,0.0,1.0,1.0
0.170376,104.5,0.0,0.0,1.0,0.9308902400111897
0.122712,104.5,0.0,0.0,1.0,0.6704665160131305
0.143864,104.5,0.0,0.0,1.0,0.7860355536517455
0.1286,104.5,0.0,0.0,1.0,0.7026370196825784
0.112664,104.5,0.0,0.0,1.0,0.6155668521424419
0.121336,104.5,0.0,0.0,1.0,0.6629484091773354
0.113864,104.5,0.0,0.0,1.0,0.6221233406620305
0.148376,104.5,0.0,0.0,1.0,0.8106879504853987
0.169152,104.5,0.0,0.0,1.0,0.9242026217212093
0.179856,104.0,0.0,0.0,1.0,0.9826864993159395
0.1664,105.0,0.0,0.0,1.0,0.9091664080496193
0.191688,104.0,0.0,0.0,1.0,1.0
0.182888,104.5,0.0,0.0,1.0,0.9992525603087667
0.177088,104.5,0.0,0.0,1.0,0.9675628657974219
0.165648,105.0,0.0,0.0,1.0,0.9050576752440105
0.203464,104.0,0.0,0.0,1.0,1.0
0.131192,105.0,0.0,0.0,1.0,0.7167990348848898
0.1222,104.0,0.0,0.0,1.0,0.6676690809114393
0.14708,105.0,0.0,0.0,1.0,0.8036069428842428
0.140408,105.0,0.0,0.0,1.0,0.7671528667153303
0.159368,105.0,0.0,0.0,1.0,0.8707453853248303
0.158624,104.0,0.0,0.0,1.0,0.8666803624426852
0.204096,104.5,0.0,0.0,1.0,1.0
0.166456,105.0,0.0,0.0,1.0,0.9094723775138669
0.2142,104.5,0.0,0.0,1.0,1.0
0.2514,104.0,0.0,0.0,1.0,1.0
0.192096,105.0,0.0,0.0,1.0,1.0
0.173768,104.0,0.0,0.0,1.0,0.9494232475598935
0.172536,104.5,0.0,0.0,1.0,0.9426919193464491
0.150776,104.0,0.0,0.0,1.0,0.8238009275245758
0.162824,104.5,0.0,0.0,1.0,0.8896280722612454
0.147432,104.0,0.0,0.0,1.0,0.8055301795166556
0.148456,104.5,0.0,0.0,1.0,0.8111250497200378
0.096336,105.0,0.0,0.0,1.0,0.526354898352573
0.1416,104.5,0.0,0.0,1.0,0.773665645311455
0.118888,104.5,0.0,0.0,1.0,0.6495731725973747
0.116264,104.0,0.0,0.0,1.0,0.6352363177012077
0.132536,105.0,0.0,0.0,1.0,0.724142302026829
0.126888,104.5,0.0,0.0,1.0,0.6932830960612988
0.109984,104.0,0.0,0.0,1.0,0.6009240277820272
0.119128,105.0,0.0,0.0,1.0,0.6508844703012925
0.11664,104.5,0.0,0.0,1.0,0.637290684104012
0.108536,104.5,0.0,0.0,1.0,0.5930125316350571
0.114784,104.5,0.0,0.0,1.0,0.6271499818603817
0.106488,104.5,0.0,0.0,1.0,0.5818227912282925
0.119376,104.5,0.0,0.0,1.0,0.6522394779286741
0.13468,104.5,0.0,0.0,1.0,0.7358565615151607
0.118744,104.0,0.0,0.0,1.0,0.6487863939750241
0.115784,104.5,0.0,0.0,1.0,0.6326137222933722
0.106248,104.0,0.0,0.0,1.0,0.5805114935243748
0.118928,104.5,0.0,0.0,1.0,0.6497917222146944
0.11184,104.5,0.0,0.0,1.0,0.6110647300256576
0.11316,104.5,0.0,0.0,1.0,0.6182768673972051
0.146168,104.5,0.0,0.0,1.0,0.7986240116093556
0.14156,104.5,0.0,0.0,1.0,0.7734470956941353
0.120488,104.0,0.0,0.0,1.0,0.6583151572901595
0.115544,104.0,0.0,0.0,1.0,0.6313024245894544
0.094504,105.0,0.0,0.0,1.0,0.5163453258793343
0.078392,104.5,0.0,0.0,1.0,0.4283135400229914
0.09024,104.0,0.0,0.0,1.0,0.49304793667306285
0.086736,104.5,0.0,0.0,1.0,0.47390299019586407
0.106736,105.0,0.0,0.0,1.0,0.5831777988556741
0.119072,105.0,0.0,0.0,1.0,0.6505785008370449
0.121448,105.0,0.0,0.0,1.0,0.6635603481058304
0.112656,104.5,0.0,0.0,1.0,0.615523142218978
0.117528,104.0,0.0,0.0,1.0,0.6421424856085076
0.138272,104.5,0.0,0.0,1.0,0.7554823171504627
0.128424,104.0,0.0,0.0,1.0,0.7016754013663722
0.123944,104.5,0.0,0.0,1.0,0.6771978442265747
0.119448,104.5,0.0,0.0,1.0,0.6526328672398494
0.11632,104.5,0.0,0.0,1.0,0.6355422871654551
0.105872,104.5,0.0,0.0,1.0,0.5784571271215704
0.10464,104.5,0.0,0.0,1.0,0.571725798908126
0.107,104.0,0.0,0.0,1.0,0.5846202263299837
0.099872,104.5,0.0,0.0,1.0,0.5456746845236273
0.136624,104.0,0.0,0.0,1.0,0.7464780729168943
0.151608,104.5,0.0,0.0,1.0,0.8283467595648238
0.136568,104.5,0.0,0.0,1.0,0.7461721034526467
0.126744,104.5,0.0,0.0,1.0,0.6924963174389481
0.134096,104.5,0.0,0.0,1.0,0.7326657371022942
0.132304,104.5,0.0,0.0,1.0,0.7228747142463753
0.134968,105.0,0.0,0.0,1.0,0.737430118759862
0.121968,104.5,0.0,0.0,1.0,0.6664014931309854
0.12688,104.0,0.0,0.0,1.0,0.6932393861378348
0.10408,104.5,0.0,0.0,1.0,0.5686661042656515
0.138488,104.0,0.0,0.0,1.0,0.7566624850839886
0.111224,104.0,0.0,0.0,1.0,0.6076990659189355
0.108328,104.0,0.0,0.0,1.0,0.591876073624995
0.12192,104.0,0.0,0.0,1.0,0.6661392335902019
0.11736,104.5,0.0,0.0,1.0,0.6412245772157653
0.101792,105.0,0.0,0.0,1.0,0.5561650661549691
0.102808,104.0,0.0,0.0,1.0,0.5617162264348875
0.122696,104.5,0.0,0.0,1.0,0.6703790961662025
0.121176,104.0,0.0,0.0,1.0,0.662074210708057
0.100992,105.0,0.0,0.0,1.0,0.5517940738085767
0.122024,104.5,0.0,0.0,1.0,0.666707462595233
0.11416,104.0,0.0,0.0,1.0,0.6237406078301956
0.097208,104.0,0.0,0.0,1.0,0.5311192800101406
0.091552,104.5,0.0,0.0,1.0,0.5002163641211463
0.102296,104.5,0.0,0.0,1.0,0.5589187913331963
0.11732,104.0,0.0,0.0,1.0,0.6410060275984456
0.119632,104.5,0.0,0.0,1.0,0.6536381954795196
0.126032,104.5,0.0,0.0,1.0,0.6886061342506589
0.133424,104.5,0.0,0.0,1.0,0.7289941035313245
0.154056,105.0,0.0,0.0,1.0,0.8417219961447847
0.15148,104.5,0.0,0.0,1.0,0.8276474007894011
0.17176,104.5,0.0,0.0,1.0,0.9384520567704485
0.170576,104.5,0.0,0.0,1.0,0.9319829880977878
0.202864,104.0,0.0,0.0,1.0,1.0
0.194696,105.0,0.0,0.0,1.0,1.0
0.204976,104.0,0.0,0.0,1.0,1.0
0.207576,104.5,0.0,0.0,1.0,1.0
0.223432,104.5,0.0,0.0,1.0,1.0
0.179952,104.0,0.0,0.0,1.0,0.9832110183975067
0.174648,105.0,0.0,0.0,1.0,0.9542313391409251
0.151368,105.0,0.0,0.0,1.0,0.8270354618609063
0.139104,104.5,0.0,0.0,1.0,0.7600281491907107
0.146912,104.0,0.0,0.0,1.0,0.8026890344915004
0.172048,105.0,0.0,0.0,1.0,0.9400256140151498
0.13636,104.5,0.0,0.0,1.0,0.7450356454425848
0.134368,104.5,0.0,0.0,1.0,0.7341518745000676
0.118608,104.0,0.0,0.0,1.0,0.6480433252761374
0.13612,104.0,0.0,0.0,1.0,0.743724347738667
0.138104,104.5,0.0,0.0,1.0,0.7545644087577202
0.109824,105.0,0.0,0.0,1.0,0.6000498293127489
0.119056,104.5,0.0,0.0,1.0,0.6504910809901171
0.12592,104.0,0.0,0.0,1.0,0.687994195322164
0.145232,104.5,0.0,0.0,1.0,0.7935099505640765
0.130848,104.5,0.0,0.0,1.0,0.7149195081759411
0.132904,105.0,0.0,0.0,1.0,0.7261529585061696
0.122392,104.5,0.0,0.0,1.0,0.6687181190745735
0.112152,105.0,0.0,0.0,1.0,0.6127694170407507
0.103664,104.0,0.0,0.0,1.0,0.5663931882455274
0.120376,104.5,0.0,0.0,1.0,0.6577032183616646
0.142144,104.5,0.0,0.0,1.0,0.7766379201070018
0.206904,104.0,0.0,0.0,1.0,1.0
0.226328,104.5,0.0,0.0,1.0,1.0
0.215864,104.5,0.0,0.0,1.0,1.0
0.184456,104.0,0.0,0.0,1.0,1.0
0.18796,104.0,0.0,0.0,1.0,1.0
0.150448,104.0,0.0,0.0,1.0,0.822008820662555
0.174176,104.5,0.0,0.0,1.0,0.9516524536565536
0.163688,105.0,0.0,0.0,1.0,0.8943487439953491
0.155128,104.5,0.0,0.0,1.0,0.8475791258889505
0.141896,104.5,0.0,0.0,1.0,0.7752829124796201
0.131792,105.0,0.0,0.0,1.0,0.7200772791446841
0.10544,104.0,0.0,0.0,1.0,0.5760967912545185
0.113776,104.0,0.0,0.0,1.0,0.6216425315039273
0.13488,105.0,0.0,0.0,1.0,0.7369493096017589
0.149168,104.5,0.0,0.0,1.0,0.8150152329083271
0.14552,104.5,0.0,0.0,1.0,0.7950835078087778
0.132888,105.0,0.0,0.0,1.0,0.7260655386592417
0.156816,104.0,0.0,0.0,1.0,0.8568019197398385
0.15232,104.5,0.0,0.0,1.0,0.8322369427531132
0.168304,104.0,0.0,0.0,1.0,0.9195693698340334
0.168272,105.0,0.0,0.0,1.0,0.9193945301401777
0.125456,104.5,0.0,0.0,1.0,0.6854590197612564
0.109512,104.0,0.0,0.0,1.0,0.5983451422976558
0.091368,104.5,0.0,0.0,1.0,0.49921103588147614
0.098544,104.5,0.0,0.0,1.0,0.538418837228616
0.105752,104.5,0.0,0.0,1.0,0.5778014782696115
0.106328,104.5,0.0,0.0,1.0,0.5809485927590141
0.121752,104.5,0.0,0.0,1.0,0.6652213251974595
0.138104,105.0,0.0,0.0,1.0,0.7545644087577202
0.109264,104.5,0.0,0.0,1.0,0.5969901346702742
0.120424,104.5,0.0,0.0,1.0,0.6579654779024482
0.119304,104.5,0.0,0.0,1.0,0.6518460886174987
0.109152,104.0,0.0,0.0,1.0,0.5963781957417792
0.124984,104.5,0.0,0.0,1.0,0.6828801342768848
0.128272,105.0,0.0,0.0,1.0,0.7008449128205576
0.113312,104.5,0.0,0.0,1.0,0.6191073559430197
0.112272,105.0,0.0,0.0,1.0,0.6134250658927095
0.10208,104.5,0.0,0.0,1.0,0.5577386233996704
0.124688,105.0,0.0,0.0,1.0,0.6812628671087196
0.099392,104.5,0.0,0.0,1.0,0.5430520891157918
0.132368,104.5,0.0,0.0,1.0,0.7232243936340867
0.118008,104.5,0.0,0.0,1.0,0.6447650810163431
0.114752,105.0,0.0,0.0,1.0,0.6269751421665261
0.112664,104.5,0.0,0.0,1.0,0.6155668521424419
0.109336,105.0,0.0,0.0,1.0,0.5973835239814494
0.109056,104.0,0.0,0.0,1.0,0.5958536766602122
0.114912,104.0,0.0,0.0,1.0,0.6278493406358044
0.10732,104.0,0.0,0.0,1.0,0.5863686232685406
0.109624,104.0,0.0,0.0,1.0,0.5989570812261508
0.12192,104.0,0.0,0.0,1.0,0.6661392335902019
0.10508,104.5,0.0,0.0,1.0,0.5741298446986419
0.109448,104.5,0.0,0.0,1.0,0.5979954629099444
0.121792,104.0,0.0,0.0,1.0,0.6654398748147792
0.1026,105.0,0.0,0.0,1.0,0.5605797684248254
0.1004,104.5,0.0,0.0,1.0,0.5485595394722463
0.099592,104.5,0.0,0.0,1.0,0.54414483720239
0.11212,105.0,0.0,0.0,1.0,0.612594577346895
0.104592,104.0,0.0,0.0,1.0,0.5714635393673425
0.105984,104.0,0.0,0.0,1.0,0.5790690660500653
0.122624,104.5,0.0,0.0,1.0,0.6699857068550272
0.137024,104.5,0.0,0.0,1.0,0.7486635690900905
0.16212,104.0,0.0,0.0,1.0,0.8857815989964201
0.121912,104.5,0.0,0.0,1.0,0.6660955236667381
0.122976,105.0,0.0,0.0,1.0,0.6719089434874399
0.145592,104.5,0.0,0.0,1.0,0.7954768971199531
0.197872,104.0,0.0,0.0,1.0,1.0
0.193232,105.0,0.0,0.0,1.0,1.0
0.180616,104.0,0.0,0.0,1.0,0.9868389420450124
0.180976,104.5,0.0,0.0,1.0,0.9888058886008889
0.174496,104.0,0.0,0.0,1.0,0.9534008505951106
0.142968,104.5,0.0,0.0,1.0,0.7811400422237861
0.143728,105.0,0.0,0.0,1.0,0.7852924849528587
0.146632,104.5,0.0,0.0,1.0,0.8011591871702632
0.119456,104.0,0.0,0.0,1.0,0.6526765771633134
0.119224,104.5,0.0,0.0,1.0,0.6514089893828595
0.125168,104.0,0.0,0.0,1.0,0.6838854625165551
0.15556,104.5,0.0,0.0,1.0,0.8499394617560024
0.134152,104.5,0.0,0.0,1.0,0.7329717065665418
0.124712,104.0,0.0,0.0,1.0,0.6813939968791114
0.133752,104.5,0.0,0.0,1.0,0.7307862103933456
0.13748,104.5,0.0,0.0,1.0,0.7511550347275341
0.12076,104.5,0.0,0.0,1.0,0.659801294687933
0.162648,104.0,0.0,0.0,1.0,0.888666453945039
0.15976,105.0,0.0,0.0,1.0,0.8728871715745625
0.140208,104.0,0.0,0.0,1.0,0.7660601186287322
0.174008,105.0,0.0,0.0,1.0,0.9507345452638112
0.150832,104.5,0.0,0.0,1.0,0.8241068969888232
0.130928,104.5,0.0,0.0,1.0,0.7153566074105803
0.114632,104.5,0.0,0.0,1.0,0.6263194933145672
0.117696,104.5,0.0,0.0,1.0,0.64306039400125
0.13984,104.5,0.0,0.0,1.0,0.7640494621493916
0.146536,104.5,0.0,0.0,1.0,0.8006346680886961
0.131464,104.0,0.0,0.0,1.0,0.7182851722826633
0.136224,105.0,0.0,0.0,1.0,0.7442925767436981
0.149848,104.5,0.0,0.0,1.0,0.8187305764027607
0.156352,105.0,0.0,0.0,1.0,0.8542667441789308
0.156392,105.0,0.0,0.0,1.0,0.8544852937962505
0.153408,105.0,0.0,0.0,1.0,0.8381814923442068
0.134952,104.5,0.0,0.0,1.0,0.737342698912934
0.127096,104.5,0.0,0.0,1.0,0.6944195540713607
0.139752,104.0,0.0,0.0,1.0,0.7635686529912885
0.134832,104.5,0.0,0.0,1.0,0.7366870500609753
0.15048,104.5,0.0,0.0,1.0,0.8221836603564107
0.17544,104.5,0.0,0.0,1.0,0.9585586215638536
0.198896,104.5,0.0,0.0,1.0,1.0
0.121456,105.0,0.0,0.0,1.0,0.6636040580292943
0.151376,104.5,0.0,0.0,1.0,0.8270791717843702
0.122096,104.5,0.0,0.0,1.0,0.6671008519064082
0.112616,105.0,0.0,0.0,1.0,0.6153045926016583
0.107832,105.0,0.0,0.0,1.0,0.5891660583702317
0.116192,104.0,0.0,0.0,1.0,0.6348429283900323
0.138152,104.5,0.0,0.0,1.0,0.7548266682985038
0.139504,104.5,0.0,0.0,1.0,0.7622136453639069
0.141312,104.0,0.0,0.0,1.0,0.7720920880667537
0.119008,104.5,0.0,0.0,1.0,0.6502288214493336
0.130448,104.0,0.0,0.0,1.0,0.712734012002745
0.123208,104.5,0.0,0.0,1.0,0.6731765312678937
0.12924,104.5,0.0,0.0,1.0,0.7061338135596924
0.114216,104.5,0.0,0.0,1.0,0.6240465772944431
0.124176,104.0,0.0,0.0,1.0,0.6784654320070285
0.163456,104.5,0.0,0.0,1.0,0.8930811562148954
0.118544,104.5,0.0,0.0,1.0,0.6476936458884259
0.113712,105.0,0.0,0.0,1.0,0.6212928521162159
0.13344,104.5,0.0,0.0,1.0,0.7290815233782525
0.12604,104.5,0.0,0.0,1.0,0.6886498441741229
0.132408,105.0,0.0,0.0,1.0,0.7234429432514063
0.127904,104.5,0.0,0.0,1.0,0.698834256341217
0.131392,104.5,0.0,0.0,1.0,0.717891782971488
0.121704,104.0,0.0,0.0,1.0,0.6649590656566761
0.146944,105.0,0.0,0.0,1.0,0.8028638741853562
0.132264,104.5,0.0,0.0,1.0,0.7226561646290557
0.117752,105.0,0.0,0.0,1.0,0.6433663634654975
0.116768,104.5,0.0,0.0,1.0,0.6379900428794348
0.14024,104.0,0.0,0.0,1.0,0.7662349583225879
0.136384,104.5,0.0,0.0,1.0,0.7451667752129766
0.13964,104.5,0.0,0.0,1.0,0.7629567140627935
0.126232,104.0,0.0,0.0,1.0,0.6896988823372571
0.133864,104.5,0.0,0.0,1.0,0.7313981493218406
0.13308,105.0,0.0,0.0,1.0,0.7271145768223759
0.115856,104.5,0.0,0.0,1.0,0.6330071116045475
0.118152,105.0,0.0,0.0,1.0,0.6455518596386937
0.123176,104.0,0.0,0.0,1.0,0.673001691574038
0.117216,105.0,0.0,0.0,1.0,0.6404377985934147
0.106296,104.0,0.0,0.0,1.0,0.5807737530651583
0.160424,104.5,0.0,0.0,1.0,0.8765150952220683
0.188608,104.0,0.0,0.0,1.0,1.0
0.20996,104.0,0.0,0.0,1.0,1.0
0.19308,104.0,0.0,0.0,1.0,1.0
0.153264,104.5,0.0,0.0,1.0,0.8373947137218563
0.136,105.0,0.0,0.0,1.0,0.7430686988867082
0.14376,104.0,0.0,0.0,1.0,0.7854673246467144
0.165208,104.5,0.0,0.0,1.0,0.9026536294534947
0.145968,104.5,0.0,0.0,1.0,0.7975312635227574
0.135216,105.0,0.0,0.0,1.0,0.7387851263872437
0.186272,105.0,0.0,0.0,1.0,1.0
0.153096,105.0,0.0,0.0,1.0,0.8364768053291138
0.203856,105.0,0.0,0.0,1.0,1.0
0.1772,104.0,0.0,0.0,1.0,0.9681748047259168
0.169872,105.0,0.0,0.0,1.0,0.9281365148329624
0.146744,104.5,0.0,0.0,1.0,0.8017711260987582
0.159952,104.5,0.0,0.0,1.0,0.8739362097376967
0.117368,104.5,0.0,0.0,1.0,0.6412682871392291
0.150584,104.5,0.0,0.0,1.0,0.8227518893614416
0.144712,105.0,0.0,0.0,1.0,0.7906688055389215
0.150688,104.5,0.0,0.0,1.0,0.8233201183664726
0.140568,105.0,0.0,0.0,1.0,0.7680270651846088
0.127432,104.5,0.0,0.0,1.0,0.6962553708568455
0.115448,105.0,0.0,0.0,1.0,0.6307779055078874
0.13412,104.5,0.0,0.0,1.0,0.732796866872686
0.143576,104.5,0.0,0.0,1.0,0.7844619964070443
0.14568,104.5,0.0,0.0,1.0,0.7959577062780563
0.128912,104.5,0.0,0.0,1.0,0.7043417066976715
0.137896,104.0,0.0,0.0,1.0,0.7534279507476581
0.123728,104.0,0.0,0.0,1.0,0.6760176762930488
0.129008,104.0,0.0,0.0,1.0,0.7048662257792386
0.100136,104.5,0.0,0.0,1.0,0.5471171119979369
0.106264,104.5,0.0,0.0,1.0,0.5805989133713026
0.114792,104.0,0.0,0.0,1.0,0.6271936917838457
0.118768,104.5,0.0,0.0,1.0,0.6489175237454159
0.101616,104.5,0.0,0.0,1.0,0.5552034478387627
0.108712,104.5,0.0,0.0,1.0,0.5939741499512634
0.122056,105.0,0.0,0.0,1.0,0.6668823022890886
0.107936,105.0,0.0,0.0,1.0,0.5897342873752628
0.114272,104.5,0.0,0.0,1.0,0.6243525467586906
0.115352,105.0,0.0,0.0,1.0,0.6302533864263203
0.114528,104.0,0.0,0.0,1.0,0.6257512643095362
0.117056,104.5,0.0,0.0,1.0,0.639563600124136
0.112224,104.5,0.0,0.0,1.0,0.6131628063519261
0.121912,105.0,0.0,0.0,1.0,0.6660955236667381
0.163056,104.5,0.0,0.0,1.0,0.8908956600416992
0.187984,104.0,0.0,0.0,1.0,1.0
0.152832,104.0,0.0,0.0,1.0,0.8350343778548043
0.129008,104.5,0.0,0.0,1.0,0.7048662257792386
0.112992,104.5,0.0,0.0,1.0,0.6173589590044627
0.114048,104.0,0.0,0.0,1.0,0.6231286689017007
0.104752,104.0,0.0,0.0,1.0,0.572337737836621
0.102048,104.5,0.0,0.0,1.0,0.5575637837058147
0.104432,105.0,0.0,0.0,1.0,0.570589340898064
0.139032,104.0,0.0,0.0,1.0,0.7596347598795353
0.148928,105.0,0.0,0.0,1.0,0.8137039352044094
0.136272,104.0,0.0,0.0,1.0,0.7445548362844816
0.105912,104.0,0.0,0.0,1.0,0.57867567673889
0.118952,104.5,0.0,0.0,1.0,0.6499228519850861
0.107456,104.5,0.0,0.0,1.0,0.5871116919674273
0.11936,105.0,0.0,0.0,1.0,0.6521520580817463
0.177264,104.5,0.0,0.0,1.0,0.9685244841136282
0.121752,105.0,0.0,0.0,1.0,0.6652213251974595
0.14996,104.5,0.0,0.0,1.0,0.8193425153312557
0.126416,104.5,0.0,0.0,1.0,0.6907042105769272
0.123512,104.5,0.0,0.0,1.0,0.6748375083595228
0.136048,104.0,0.0,0.0,1.0,0.7433309584274918
0.11688,104.0,0.0,0.0,1.0,0.6386019818079298
0.116624,104.5,0.0,0.0,1.0,0.6372032642570843
0.099544,104.5,0.0,0.0,1.0,0.5438825776616064
0.13032,104.5,0.0,0.0,1.0,0.7120346532273221
0.123168,105.0,0.0,0.0,1.0,0.6729579816505741
0.159024,104.0,0.0,0.0,1.0,0.8688658586158815
0.134112,104.5,0.0,0.0,1.0,0.7327531569492222
0.138024,105.0,0.0,0.0,1.0,0.754127309523081
0.140944,105.0,0.0,0.0,1.0,0.7700814315874133
0.133616,104.0,0.0,0.0,1.0,0.7300431416944589
0.154848,105.0,0.0,0.0,1.0,0.8460492785677133
0.141024,104.5,0.0,0.0,1.0,0.7705185308220526
0.13632,104.5,0.0,0.0,1.0,0.7448170958252651
0.161936,105.0,0.0,0.0,1.0,0.8847762707567498
0.138944,104.5,0.0,0.0,1.0,0.7591539507214323
0.126504,104.5,0.0,0.0,1.0,0.6911850197350304
0.109576,105.0,0.0,0.0,1.0,0.5986948216853673
0.152768,104.5,0.0,0.0,1.0,0.8346846984670928
0.125424,105.0,0.0,0.0,1.0,0.6852841800674007
0.121064,104.0,0.0,0.0,1.0,0.6614622717795621
0.111536,104.0,0.0,0.0,1.0,0.6094037529340285
0.113744,104.0,0.0,0.0,1.0,0.6214676918100716
0.098592,104.0,0.0,0.0,1.0,0.5386810967693995
0.110528,104.5,0.0,0.0,1.0,0.6038963025775741
0.11608,104.5,0.0,0.0,1.0,0.6342309894615374
0.094344,104.0,0.0,0.0,1.0,0.5154711274100559
0.117096,104.0,0.0,0.0,1.0,0.6397821497414558
0.118416,104.0,0.0,0.0,1.0,0.6469942871130032
0.107936,104.5,0.0,0.0,1.0,0.5897342873752628
0.136968,104.5,0.0,0.0,1.0,0.748357599625843
0.131248,104.5,0.0,0.0,1.0,0.7171050043491374
0.115936,104.0,0.0,0.0,1.0,0.6334442108391868
0.1366,104.5,0.0,0.0,1.0,0.7463469431465025
0.150568,105.0,0.0,0.0,1.0,0.8226644695145139
0.115808,104.5,0.0,0.0,1.0,0.632744852063764
0.144624,104.5,0.0,0.0,1.0,0.7901879963808183
0.185056,105.0,0.0,0.0,1.0,1.0
0.203488,104.0,0.0,0.0,1.0,1.0
0.168816,104.5,0.0,0.0,1.0,0.9223668049357244
0.191944,104.0,0.0,0.0,1.0,1.0
0.18708,104.5,0.0,0.0,1.0,1.0
0.173056,104.0,0.0,0.0,1.0,0.9455330643716041
0.21496,104.0,0.0,0.0,1.0,1.0
0.204832,104.5,0.0,0.0,1.0,1.0
0.163232,104.5,0.0,0.0,1.0,0.8918572783579054
0.134176,104.5,0.0,0.0,1.0,0.7331028363369334
0.154672,104.5,0.0,0.0,1.0,0.8450876602515068
0.119848,104.5,0.0,0.0,1.0,0.6548183634130456
0.124008,104.5,0.0,0.0,1.0,0.677547523614286
0.122256,104.5,0.0,0.0,1.0,0.6679750503756867
0.107192,104.5,0.0,0.0,1.0,0.5856692644931178
0.122912,104.0,0.0,0.0,1.0,0.6715592640997284
0.129656,104.5,0.0,0.0,1.0,0.7084067295798164
0.106368,104.5,0.0,0.0,1.0,0.5811671423763337
0.112192,104.5,0.0,0.0,1.0,0.6129879666580703
0.111736,104.5,0.0,0.0,1.0,0.6104965010206267
0.075448,104.0,0.0,0.0,1.0,0.41222828818826734
0.087728,105.0,0.0,0.0,1.0,0.47932302070539073
0.076312,105.0,0.0,0.0,1.0,0.4169489599223712
0.080248,105.0,0.0,0.0,1.0,0.4384542422666218
0.073792,104.5,0.0,0.0,1.0,0.40318033403123504
0.099416,104.5,0.0,0.0,1.0,0.5431832188861837
0.101744,104.0,0.0,0.0,1.0,0.5559028066141856
0.093992,105.0,0.0,0.0,1.0,0.5135478907776433
0.111304,104.5,0.0,0.0,1.0,0.6081361651535747
0.112664,104.0,0.0,0.0,1.0,0.6155668521424419
0.132056,105.0,0.0,0.0,1.0,0.7215197066189937
0.174024,105.0,0.0,0.0,1.0,0.9508219651107391
0.157392,104.5,0.0,0.0,1.0,0.859949034229241
0.18284,104.0,0.0,0.0,1.0,0.9989903007679832
0.15776,104.5,0.0,0.0,1.0,0.8619596907085816
0.101904,105.0,0.0,0.0,1.0,0.5567770050834641
0.115312,104.5,0.0,0.0,1.0,0.6300348368090006
0.13708,104.5,0.0,0.0,1.0,0.748969538554338
0.115152,105.0,0.0,0.0,1.0,0.6291606383397222
0.122352,104.0,0.0,0.0,1.0,0.6684995694572539
0.161104,104.0,0.0,0.0,1.0,0.8802304387165018
0.128784,104.0,0.0,0.0,1.0,0.7036423479222488
0.183192,104.5,0.0,0.0,1.0,1.0
0.162688,104.5,0.0,0.0,1.0,0.8888850035623587
0.121256,104.5,0.0,0.0,1.0,0.6625113099426962
0.098008,104.0,0.0,0.0,1.0,0.535490272356533
0.107432,104.0,0.0,0.0,1.0,0.5869805621970355
0.105408,104.5,0.0,0.0,1.0,0.5759219515606627
0.105576,104.5,0.0,0.0,1.0,0.5768398599534051
0.11588,105.0,0.0,0.0,1.0,0.6331382413749392
0.107488,104.5,0.0,0.0,1.0,0.587286531661283
0.10652,104.5,0.0,0.0,1.0,0.5819976309221482
0.107,104.5,0.0,0.0,1.0,0.5846202263299837
0.155784,105.0,0.0,0.0,1.0,0.8511633396129923
0.10144,104.5,0.0,0.0,1.0,0.5542418295225565
0.112728,104.5,0.0,0.0,1.0,0.6159165315301532
0.104328,104.5,0.0,0.0,1.0,0.5700211118930331
0.107088,104.5,0.0,0.0,1.0,0.5851010354880868
0.121784,104.5,0.0,0.0,1.0,0.6653961648913153
0.133096,104.0,0.0,0.0,1.0,0.7272019966693037
0.11996,104.5,0.0,0.0,1.0,0.6554303023415405
0.1352,104.5,0.0,0.0,1.0,0.7386977065403157
0.143352,104.0,0.0,0.0,1.0,0.7832381185500544
0.168664,104.5,0.0,0.0,1.0,0.92153631638991
0.195832,104.0,0.0,0.0,1.0,1.0
0.133872,105.0,0.0,0.0,1.0,0.7314418592453044
0.148808,104.5,0.0,0.0,1.0,0.8130482863524505
0.149208,104.0,0.0,0.0,1.0,0.8152337825256468
0.191248,105.0,0.0,0.0,1.0,1.0
0.195152,104.5,0.0,0.0,1.0,1.0
0.19792,104.5,0.0,0.0,1.0,1.0
0.167664,105.0,0.0,0.0,1.0,0.9160725759569195
0.130008,104.0,0.0,0.0,1.0,0.7103299662122292
0.145024,105.0,0.0,0.0,1.0,0.7923734925540143
0.159024,105.0,0.0,0.0,1.0,0.8688658586158815
0.13244,104.5,0.0,0.0,1.0,0.723617782945262
0.122696,104.0,0.0,0.0,1.0,0.6703790961662025
0.104392,104.5,0.0,0.0,1.0,0.5703707912807444
0.109648,104.5,0.0,0.0,1.0,0.5990882109965425
0.101752,105.0,0.0,0.0,1.0,0.5559465165376495
0.10828,104.5,0.0,0.0,1.0,0.5916138140842115
0.108496,105.0,0.0,0.0,1.0,0.5927939820177374
0.11436,104.0,0.0,0.0,1.0,0.6248333559167938
0.114864,105.0,0.0,0.0,1.0,0.6275870810950209
0.130104,104.5,0.0,0.0,1.0,0.7108544852937961
0.119304,105.0,0.0,0.0,1.0,0.6518460886174987
0.121368,104.0,0.0,0.0,1.0,0.6631232488711912
0.1528,104.5,0.0,0.0,1.0,0.8348595381609486
0.157496,104.0,0.0,0.0,1.0,0.860517263234272
0.163584,104.5,0.0,0.0,1.0,0.8937805149903182
0.141768,104.5,0.0,0.0,1.0,0.7745835537041974
0.1456,104.0,0.0,0.0,1.0,0.7955206070434171
0.197656,104.5,0.0,0.0,1.0,1.0
0.173056,104.5,0.0,0.0,1.0,0.9455330643716041
0.200448,105.0,0.0,0.0,1.0,1.0
0.166032,104.0,0.0,0.0,1.0,0.907155751570279
0.20704,104.5,0.0,0.0,1.0,1.0
0.197624,105.0,0.0,0.0,1.0,1.0
0.178176,104.0,0.0,0.0,1.0,0.9735074153885156
0.171784,104.5,0.0,0.0,1.0,0.9385831865408403
0.17424,104.5,0.0,0.0,1.0,0.952002133044265
0.137336,104.5,0.0,0.0,1.0,0.7503682561051835
0.143112,104.0,0.0,0.0,1.0,0.7819268208461366
0.143624,104.5,0.0,0.0,1.0,0.7847242559478278
0.166776,104.5,0.0,0.0,1.0,0.9112207744524239
0.145408,104.5,0.0,0.0,1.0,0.7944715688802829
0.111848,104.5,0.0,0.0,1.0,0.6111084399491216
0.11128,104.5,0.0,0.0,1.0,0.6080050353831831
0.09764,105.0,0.0,0.0,1.0,0.5334796158771926
0.097024,104.5,0.0,0.0,1.0,0.5301139517704704
0.079232,104.5,0.0,0.0,1.0,0.4329030819867034
0.087824,105.0,0.0,0.0,1.0,0.47984753978695777
0.092016,104.5,0.0,0.0,1.0,0.502751539682054
0.118392,104.5,0.0,0.0,1.0,0.6468631573426115
0.114144,104.5,0.0,0.0,1.0,0.6236531879832677
0.087408,104.5,0.0,0.0,1.0,0.47757462376683374
0.098728,104.5,0.0,0.0,1.0,0.5394241654682862
0.097288,104.0,0.0,0.0,1.0,0.5315563792447799
0.094536,104.5,0.0,0.0,1.0,0.51652016557319
0.097728,105.0,0.0,0.0,1.0,0.5339604250352957
0.045208,104.5,0.0,0.0,1.0,0.24700477749463456
0.04708,104.0,0.0,0.0,1.0,0.2572328995851928
0.034648,105.0,0.0,0.0,1.0,0.18930767852225489
0.042136,104.0,0.0,0.0,1.0,0.23022016688448776
0.002216,106.0,0.0,0.0,1.0,0.012107648799506952
0.00444,104.0,0.0,5.0,1.0,0.024259007522477827
